IP,CPI,UR,FFR
-0.00045128135248487467,-0.002701037785455341,-0.04440856326893281,0.09333953030788646
-0.004709289581839519,0.0024667865894272343,-0.09666682514652225,-0.06280385487400156
0.004695012800605436,-0.002947925752642192,0.002543896200721164,-0.015709152418958285
0.046315012728335825,0.002246575788172487,0.02144144110776287,0.06522335184296613
0.027862348323141883,-0.0005277892025628943,0.10565199605097884,0.02904935629896196
-0.005026719976075658,-0.0017777968143509726,-0.22819450113748485,-0.08929484803418974
-0.006516299682760518,0.0007774647982047876,-0.03355366615309139,-0.10145611105564979
-0.004772886407353001,0.00023562771311392945,-0.08894489002235444,-0.05091457774789536
0.0011944566015776223,0.00038296754409245437,-0.10078923014906847,0.04157168812149772
-0.011673973200866664,0.0003018452067849356,-0.05213780756055657,-0.03373732839533955
-0.0028581755118944016,0.001571688155212352,0.43566000590138354,-0.11279613699231693
0.0003399712605868211,-0.002836405159644007,-0.09204371328390293,-0.08294016547216175
-0.007398347165873628,0.0005147933006384993,0.533166202173824,-0.043270823118525835
0.0003354910984523136,0.0002768174524456289,0.5071402288561166,0.0003331522388933902
-0.01134325816411639,0.00019832848222539907,0.3319139734657518,0.011376327182350815
-0.014897968977203906,0.0013717585286143039,-0.833203981781779,-0.05145106664832772
0.0005461551315364385,-0.003031588672606777,1.1607109012996986,-0.06751630252380886
0.0002197656864327007,0.002193819133653309,-0.025421796944661547,-0.03969824544132672
0.004574239852835295,-0.0027118294124463095,0.45828057210777295,-0.025520335406107805
0.01837005601761062,-0.0017551738243410948,1.414937527914101,0.011175445441290906
0.013169294716082,0.006436780422507957,0.13357043099122276,-0.05054394434739496
0.012490549557439733,-0.0007351692868240758,0.3600086963329712,0.0581767116934797
0.010489482048050343,-0.002288429269621047,0.5830210917934058,0.033573961461618895
0.008246186404862606,0.0007938080112270993,-0.2061472058104266,0.03915967046869803
0.0013944549573541068,0.0012155548970604023,-0.6634540165951747,0.010595678631124494
0.01757836996997055,-0.0026880436541224044,-0.07114186108434159,-0.06703874405287463
0.012696680910963085,0.0008024528348522067,0.12597888575720492,-0.008801127955435247
0.007224471309262948,0.00039346706295371233,-0.43611013603030957,0.05286839693692488
-0.002221158815366086,0.0011019938582251209,-0.025318665784584776,0.030549833396873317
0.013635403228066237,-0.0027159753366464453,0.005765348069626641,-0.0063819175926771
0.005199527082615885,0.0017496072721220482,-0.2703351687901659,-0.03035323921933145
0.0036747021936244764,-0.002749704221363925,-0.08121006273432702,-0.06723521450275935
0.0028632633462957846,0.0018510322283342398,0.17114938207663957,-0.010660444957138528
0.0016411898702354223,-0.002846410142957926,-0.21150657300682915,-0.0009362728072424677
0.004064136457932842,0.0009048292666944167,-0.3455634449516543,0.018650626905591064
0.002677287227368536,0.0005852039509385222,-0.02253487799624664,0.008011967325647198
0.003643623079202228,0.0011497773524308686,-0.11343588237462883,-0.005945954058404162
0.0027225239170102443,-0.002879044683990437,0.0022208892157346504,0.012910031393004113
0.002939139706577029,0.0006734823643219415,-0.08173045338087662,-0.04406538375824108
0.0020024593161179403,0.00026352093495517063,-0.056404593468815364,-0.025818954219921954
0.0035619110837732454,0.0005343944547113866,-0.021869898336220866,-0.04807428915231643
0.0038252948541966014,0.0004352291617991208,0.0037909521587730665,0.039860083912228665
0.0034641830887006076,0.0015799549490013933,0.1092365421078016,0.01882117240968639
0.004008373867216159,-0.002808460297201793,-0.07093326142693507,0.017183626229712753
0.007081366412208228,0.0006567623744718801,-0.05531303603990165,0.018833216878901236
0.003417683667776404,0.0013325252845733796,-0.09584883380320143,0.027550152089409776
0.002180722377596479,-0.0015316346769054107,-0.08671685890538348,0.027224446142235834
0.0031139848052366406,-0.0012376987465096082,-0.07782649122892674,-0.005851151392913954
0.0043804604238802175,0.0009617762685037053,-0.0688489438931408,0.029635529536377363
0.004103093472670638,0.0010576688017389564,-0.07834996068993887,0.0357069636344416
0.004090880061833027,-0.002636729751491836,-0.06252423798971032,0.04262235583596692
0.002769250744583194,0.0018946356973654462,-0.0845398408140591,0.011731095310418271
0.004906380396162707,-0.0026973588117146256,-0.023609141909858043,0.031843167481795095
0.004011250103004649,0.0007237781414836844,-0.04462433394778155,0.01608073654805728
0.0026060054768899323,0.0011264440296674498,0.10588230982345197,0.03849238166998377
0.008575580830533882,-0.0025626670556181063,-0.10465352908017568,0.02435780105476726
0.0032308607013010453,0.000758165017928541,0.5048919106296181,0.009580309819062518
0.003118008192896719,0.0004715444862176695,-0.19101176148044322,-0.01387520993123826
0.003926091275486399,0.0009213115318443975,0.22126321785875677,0.00962240621766093
0.005258637058121757,-0.0027116379483534403,-0.44003947798622334,0.028206998814820847
0.004667064225176044,0.0006203311044229167,-0.056011654444145506,0.03485893921198383
-0.00751048768014176,0.0005773810228226604,-0.06566979105111632,0.03844804438058269
0.0250433716318485,0.001117158421837559,0.0014211101711521595,0.010663747973654158
0.014307387621044715,-0.002681692133935756,-0.4491255386329297,0.0099318954347836
0.008418734029389821,0.0024097825056665573,-0.15519160394235706,0.0330106088261741
0.005257231428611319,-0.0028265513557989433,0.18191019835000102,0.044279743196453974
0.00970048935634058,0.0023843864707493714,-0.14041654468531395,0.03786386517768412
0.004971129574047775,-0.002694875110709121,-0.07854639778991439,0.015372067769282523
0.005699063668014504,0.0005809012444525239,-0.085871430193293,0.033667845592011275
0.005775008865461842,0.00032171973349410686,-0.056693768905856284,0.04063035481388292
0.006978587625949313,0.0002144407242068555,-0.09593289427825293,0.023987996949277193
0.0051568913075126675,0.0003443401903247857,-0.07853189954315208,0.05411455192840028
0.004507624834530516,0.0011211544732475213,-0.09616033781895376,0.019432445309030093
0.00747631037016949,-0.0005787235031538636,-0.06680813003244769,0.04728890218251589
0.004420642475480547,-0.001210952183972254,-0.07978817762055955,0.06060783657919161
0.00849381878687098,0.002411368642228166,-0.09191131762181376,0.09159442553706348
0.007615008314028133,-0.002654019359213889,0.00029065789744531326,0.025499232786091352
0.0057098494284403625,0.00239890546050602,-0.2296454206653253,0.07231988104767012
0.008396701801275108,-0.0026129120498616857,-0.07376542997658347,0.02730703832800915
0.003919609825438284,0.005250376772531692,-0.035990019542362736,-0.02941466257278637
0.005906866838241979,-0.0026890778091281362,-0.11248560602983809,-2.452339277730184e-05
0.005277264727413718,0.0009943226928638652,-0.08545542596309609,0.036873554907223584
0.0050150468662021365,0.00018254847082432477,-0.018617301744801005,0.09368166291289777
0.0022948784145745238,0.0004686062366541281,-0.07787177053094045,0.08039568539047699
0.005854177573859128,-0.0010474583002383102,-0.044589960615096576,0.021124263746972235
0.003976725003298607,0.00553391805088666,-0.10166233423566946,-0.0462345439708235
-0.0023630855799568386,-0.002616105850749897,-0.10341140998182967,0.014726011760900643
0.0023912137454396042,-0.0009341200441392374,-0.08300561777516807,-0.12025737331599128
0.0027687932111947187,0.0020272217484412765,-0.014356520657601332,-0.19735466930249276
-0.0064322425458720345,-0.000586226694803712,-0.009884726547368274,-0.023995865720254504
-0.0003522665480892938,-0.0010449216929485589,-0.08554222868237943,-0.050140402347189375
0.004313550364818307,0.00245362069341925,-0.06665843216264648,-0.04038320811447168
-0.003590840636032661,-0.0010050014654417344,-0.07680238037785536,0.09315993580826758
0.0010905229873396003,0.00042147179676390277,-0.1655899527853407,0.08178742428555194
0.00182740358420444,9.638026424085563e-05,0.031281261414256446,0.10232285729579242
0.012713205509308895,0.0002966219073403284,0.2543097443112282,0.047322830670847214
0.002174915806024985,0.0015523409611788042,-0.29826498019300723,0.01350421335111094
0.005747261750041415,-0.002592338984147141,-0.07460813957342212,0.09631358524052727
0.007575988544961271,0.000261844240010843,-0.007886696560009903,0.08293971838180657
0.008424929728172872,0.00019067018372883853,-0.10597269579536063,0.01542436683565156
0.002781884550157442,0.0012826081322461359,0.3227844352199428,-0.05260151219893012
0.003816812978992435,-0.002694274021950773,-0.22862597032773782,-0.02494720442163472
0.0035841832325136545,0.0007460317188504694,-0.06860899268915123,0.07144206915795243
0.0029859257263657106,0.0001315528642166687,-0.0008188178170429014,-0.02178353491597216
0.006550041868617175,-0.0004092938377181043,-0.23440097808803104,0.06744997186779109
0.0037657403572405597,0.00694280166273182,-0.1137326753438931,-0.01649826307808994
0.002091222026994959,-0.003880394863946271,0.017762915794910804,-0.10032910754237508
0.003133765161075122,0.00198543787854711,-0.11952340909579863,-0.04587871054014068
0.0025965215643566856,-0.00254204264768729,-0.08316242143354971,-0.012493058040753785
0.0022760384557693166,0.0005849493444555411,-0.08480004015629274,0.03372730320462392
0.006604540028937434,0.0009863048089059443,-0.03253792747986427,0.09257648691188493
0.004182394809986632,-0.0024493937370851735,-0.06437835726349943,0.20832804659615614
0.004865063905417077,0.0016626832272436211,-0.09250684989395515,0.02138231225133442
0.0034097847938475826,-0.0014444718658233235,-0.0414155281954599,0.06568291272164842
0.004634920699450216,0.0009285831446244546,-0.09332477145028552,0.044671639144676
-0.0006263089581317198,-0.004259126632642456,-0.07566674405280914,-0.0008815089892011568
0.0006171276664690923,0.0005108937598942799,-0.0826931639616025,-0.010313175308525878
0.005071898596782704,0.0017695182145518787,-0.10547356955567755,0.1387527839511764
0.004047666874189815,-0.0025291453237182553,0.006858734247772573,0.07889726033412625
0.0012567076358971575,0.0019000559472413985,-0.07219540195161925,-0.004566880161376203
0.0015506653688970495,-0.000951976498367497,-0.07767174706848073,0.39070866270274557
0.0011271841868036887,-0.000488757672567227,-0.09282779351427063,-0.02233186462960998
-0.00584524625317953,0.002137102261310302,0.01830146042170466,-0.005549708705632267
-0.0023990442043319324,-0.0012613999564759803,-0.01677452540903734,0.39092943381224354
-0.020144503125733626,-0.00021029731919090615,-0.012263488231303266,0.07874507362243661
-0.001372795358048693,0.0002486605965943246,0.008585893603233863,-0.37099496155017264
-0.0009651818350691514,5.2117029782781726e-05,0.15363576765038064,-0.1185738710596895
-0.0013187651600708806,0.0009815892086545346,-0.06461026750394674,0.03953346574231077
-0.002179038842243763,-0.004234026122665954,0.23331161628547237,0.4633559991909804
-0.003114151095330548,0.0018748875657199897,-0.04386818917572417,-0.03894151946240774
0.0008271210115268981,-0.0010117072955797993,0.11248449170243179,-0.1457693610038152
-0.0009734864567425576,-0.0011341189131606369,0.03081674830362504,-0.036978771036192376
-0.004022629567564186,0.0021033919414743404,0.13144364388190014,-0.08980303560967494
-0.016811398245333377,0.0012665801697258157,-0.08715497395523876,-0.05659981631430095
-0.004238268710756081,-0.0024091314444303585,0.19830015719234545,-0.20483812269547538
0.019716828414154165,0.00042579778055006187,0.398350187114466,-0.25591770666831404
0.007823125615810143,0.000506033788866092,0.5917469046503904,-0.07332304433630495
0.0008467949015971165,-0.004855552661420754,0.005844870207964211,-0.06699125232341435
0.0017271231349348338,0.0005844861114408463,0.1181137604371224,-0.2773682984788037
0.003688778190991995,0.002074082574067209,0.052466090538405855,0.0437572386355919
0.003863132579532127,0.0021033706378921074,0.18000280869183094,0.47917547872027966
0.004711146631297521,-0.0011194841364940125,0.22805674198868112,0.07234928272434138
0.0007778480245158575,-0.000874641401079081,-0.007895331107584513,0.1069846175156677
-0.0006833528121142653,0.000655886286612081,-0.06974717062628523,-0.007900492189177172
0.009554718924762298,0.0001417310718235898,0.007461126504718263,-0.18031960679150025
0.005718291353098813,0.000428599484372935,0.34824504560782926,-0.13136081977850222
0.002604676246692665,0.00012139429029874249,-0.23704117458651072,-0.0746330018156886
0.0071548248348031925,5.271669865188726e-05,-0.0947734306092517,0.013048282971429343
0.020216619721649235,0.0005337800928968902,0.10833825069952924,0.02210336118198099
0.008509081460989087,0.0004868245695151278,-0.0793559330630575,0.07102077319697854
0.006267529245392531,0.0004570958099929288,-0.09408721464946415,0.03912159790489217
0.008487168594201736,-0.0006410480246638636,-0.013838022542378202,0.08280784518635144
0.0027849279454160406,0.003958448057241428,-0.08601351391434639,0.020029225096970235
0.004749027016382016,-0.0033119469949871583,-0.012422560622485384,-0.03715715010981685
0.002982921363458793,0.003353852478406922,-0.09111984098287416,0.03615406142995865
0.00806057031981049,-0.0022540494434017374,-0.06939707330184562,0.01535195288348163
0.007077412494000385,0.0003786852034624953,-0.08595696001197319,0.16317400618697855
0.004896215484013064,0.0002084778057271695,-0.12008333830778264,0.005031894037319479
0.008435922141405443,0.0003870993937041566,-0.13004776530263168,-0.06882659665996319
0.008199392166418816,0.00036247474879405026,-0.07038006744985212,0.047377175808017154
0.006089162839341192,0.0004302355291478691,-0.0990485625931449,0.08211322109480751
0.011630205523155468,0.0004059779832908721,-0.08822079221703906,0.098927286931109
0.0036403696845021907,0.0009604613762621551,-0.05261127634369829,0.0629122636821458
0.0011313014968579122,-0.0023332855759259693,-0.10822229495369258,0.019118587484201144
0.004117672821481784,0.0014636398271994642,-0.08153945880300116,0.05253351440939479
0.0021875086164676034,-0.0006578085585911389,-0.06288733507293175,0.035547093939531316
0.0033645077543708432,-0.0022714592446403956,-0.0649539397507433,0.10859128923545842
0.000790513437442423,0.0031408231464872273,-0.08380202215115955,0.1816607817643676
0.0047088160476935065,0.001943120511430488,-0.06315284034221422,-0.1771718819644681
0.0033955323703938715,0.001474846475027497,0.19277769662401398,-0.16512673339167228
0.003893869520972768,-0.0023270513159266357,-0.19181948161364257,-0.03336977176871613
-0.00036955626215765246,0.00046966668605147896,-0.27606813692448173,0.027347796099931015
-0.005500592671631532,0.0010638752819231404,-0.04744218443833939,0.12796617003287689
-0.0012484874725984681,-0.00034172730740900787,-0.0694944089394069,-0.00016832961716187867
-0.01189546895232909,0.0018394783191637328,-0.8860314009237911,0.17299909522522136
-0.0018633787672483481,-0.0020502249330962984,-0.07471036223318236,0.26713533490687136
0.0043302324847373855,0.0012606935892746998,-0.06349187274808188,0.06205684743688777
-0.00016721097655140565,-0.0005395943935793351,-0.04329497015851105,0.004977364734496594
0.0004685607035639718,0.00011456168601150234,-0.06838890859424959,0.19355429996997414
-0.00817652546188528,0.0008817923545093002,-0.0664039651557874,0.18301444405148345
0.0001442915607015401,-0.002073863244473807,-0.09005026513109411,-0.018077291414937646
-0.003540555344808427,-0.0005408028409902458,0.04135277824590424,-0.07540895234573892
-0.033560372839767115,0.0005848504966563666,-0.1494208304373915,-0.17992857958321654
-0.040014744039449414,5.923204886096041e-05,0.3615829619314191,-0.14079944441936232
-0.013599435487744668,-0.00016990809139517246,0.45383339813508433,-0.023631178181207253
-0.022809744479932826,-0.0014338763136445521,0.8237538686969735,-0.055116643817007184
-0.010242691313226245,0.00016643292930464067,0.16967446974962921,0.13060524413652827
0.0003806697808437423,0.00011276603095584925,0.9999825330940127,0.4726839041640729
-0.0023288326569772515,-0.0019454776675439948,0.49541635635811654,-0.10380057163867706
0.005361548573106115,0.0032106274616415355,1.849833333333334,-0.12730859547949216
0.007686428284710587,0.0018856744171226935,-0.19217811478700358,0.0613048708101044
0.008468142891132594,-0.0031960739763015355,0.43423788826336,0.2874192724740281
0.010711242516878612,0.0027159021230925774,0.2539696993319042,0.025876436722980713
0.004310022520162068,-0.0020257520302024512,-0.4057797931132413,-0.14566714586583399
0.002809139160681738,0.0011602275056704788,0.35791930837500696,-0.07925170813681551
0.01030758912327636,-0.002032903750086756,-0.17638411891997374,-0.0709775767612917
0.012763379432134824,0.0006718695675492162,-0.06295092261150687,-0.11538445615461443
0.008751007806606141,-0.0003344730248495948,-0.09338146640034985,0.0016601587711659327
0.003404963112831953,0.0013399200494309538,-0.06383365140691308,0.010745852793906163
0.005091868943648524,-0.0019438936559723022,-0.11675569504587271,-0.04381339119980374
0.00495314977647497,0.0005851811435658898,-0.08992726329055507,0.1657566916678157
0.0028011327307975154,0.000782415185002634,0.06821412904567212,-0.010011068204820527
0.003474371615623282,-0.0001941883149342838,-0.30958037306094965,-0.0025157378738974003
0.00391620457069757,0.00036829031253040413,-0.06850678604260192,-0.06457252526579887
0.003321189225034966,0.0006483022400165867,-0.13404756990280825,-0.09797492199609391
0.0028242841129938003,-0.000721065038975883,-0.07130924448797052,-0.09604392931941087
0.00796543275720356,-0.00020890732829751633,-0.07476352810815029,-0.10261995827895756
0.0074338749953709446,6.942278829459494e-05,-0.0856530158929651,-0.23236811192179743
0.0009725256828142962,0.0005508030174828593,0.017893060875793565,0.23020174319365863
0.011281493631004448,-0.001189023296626878,-0.35393566711542446,0.13531439737237616
0.008482173800773356,0.0003421406265530786,-0.06280679126376663,0.05613731023838018
0.007246503152800516,1.4598618697630302e-06,-0.07592533483756915,-0.0067593053854439825
0.006874217983315951,-0.0005713194122381848,-0.08746434338441347,0.011355526529622713
0.006220612500507757,0.0008957069249040354,-0.22543975205315467,-0.04795506563155473
0.004080984902907057,0.000981687503066021,-0.02155114955012869,-0.022499513761036143
0.003223645430190638,-0.0018743408944515464,-0.11254412435860943,0.07565508171863702
0.0038194153806874426,0.0012429545145643671,-0.09060032653167908,0.011460723279331595
0.003943968472299231,-0.0006384054084283439,-0.06443403727612314,0.0613806734867872
0.003162188415147709,-0.00021249659703504597,-0.08509470652936064,0.05492327401785146
0.0038769875960993107,0.0002091053764000458,-0.08214416465036738,0.06508097280908925
-0.007774280063838056,0.0005573986498830401,-0.10512582477465042,0.05837560671287685
0.004632475806557397,-0.0018934004833558937,-0.07677798150576302,0.02972332938235078
0.016162748245024255,0.001976300438660325,-0.019703930156446725,0.039853093102121095
0.02049011281405008,-0.0004703095447709228,-0.0966043001910975,0.07148682200723877
0.004783704857191734,0.0001184115905593712,-0.07990303519067864,0.1296608894424317
0.005797314122959298,0.0007976436573164837,-0.07727105257813782,0.07531322897431968
0.0023536974306462527,-0.000265082077446496,-0.07069567445628107,0.13516608723599421
0.0038360142893303644,-0.00039633767152153323,-0.0995885474589666,-0.06395588286337131
0.003935923719169482,0.001686856563589697,-0.10419126125372621,-0.0035705077059781875
0.004872257860213474,-0.0006666497231317971,-0.08150157009873876,0.11780733571333231
0.005037088033059692,-0.0008061110454120282,-0.08001624813798493,0.12031186411407521
0.004743305095452631,-0.0005973918981767773,-0.10425707737426089,0.13210499899507055
-0.002685319169735814,0.0013629612003970707,-0.0738248692478207,0.05580346955091465
0.004130679638521593,0.0007450744826447776,-0.13147120034203158,0.028953877183890003
0.0026112373866812783,0.0006328923897975462,-0.06693698517621424,-0.032684489810430914
-0.00553038351137687,0.0012393941739869318,-0.2015960086916871,0.049673588944088916
0.004440423248116279,0.00026482990830336054,-0.06835749246697169,0.05715832463563017
0.0012354918324102634,-0.0005789693307338682,-0.047291390662187155,-0.14322944475041097
0.00014123868928860478,0.0010987921505447456,-0.07628453200233895,-0.004344762358392859
-0.0030099438980790484,0.00011012392882304544,-0.06127695222135597,0.03578077088999545
0.0009965605971734507,-0.0007440734361180483,-0.09120200546338751,0.1721692183265019
0.003282105469079206,0.0010696956632530509,-0.09692473504166553,0.9401666666666678
-8.578369881042488e-05,0.0004911219091223841,-0.012750377874209892,0.29466515170762164
0.00046308075235694247,-1.0252568920481691e-05,0.1454308792080233,-0.22089472398775192
0.0018368056607539355,0.001422637805653197,-0.07645138034402948,0.33829455952707815
-0.00048756118504568783,-0.0018914925654512093,0.02079898622160178,1.192783333333333
-0.001049427008711933,0.0010336906441290204,0.1699861571465174,0.3387111092728046
-0.01732910710085518,-0.006031518784488879,0.0031439727887384657,-1.1718500000000003
-0.024700003977702552,0.000631841637026496,-0.175671887981366,-1.357850000000002
-0.012285151643216127,0.0008593736468726524,0.19123314555157772,-0.45366078871078563
-0.007191924568083194,-0.007990504046479352,0.3802935744839258,0.45916666666666694
0.00352685939088954,0.00554572927370292,0.5070403196014164,0.8588000000000001
0.01520649636019311,0.003901946559929478,0.4482484979610647,0.40238457875457895
0.011271503414657758,0.0020891701581043933,0.18957023712934284,0.26501027234574953
0.015780427134756872,-0.0014829784350421412,0.3519229272941915,0.9112666666666679
0.005545735417668989,0.0009605919600360587,-0.0917417049087816,0.12617118194099405
-0.0018144653194129804,-0.00014357455226423488,-0.02791492336362582,-0.21831772186843296
-0.002117200190039361,0.000597386298729967,-0.15464760453859833,0.6124677032859025
0.0029486474473710642,-0.0015194900352525503,-0.07609214361948745,-0.05498799633718376
-0.0027028687487440336,-0.0011790410975460672,-0.08693487072254191,0.5379638176638177
0.004360422748910797,0.002047443741566215,-0.09015226252808134,0.4395463630222355
0.0031823390160983646,-0.0013171058505714892,0.001774176157048588,-0.7445333333333324
0.003660437809403438,0.001859813182806345,-0.020899633604014235,0.6321999999999997
-0.00022703310889355644,-0.002859996444219211,0.3526550874436197,0.6615386904761906
-0.002744861096156107,0.001530496805222452,-0.24195972055209924,0.31060349919338603
-0.004705708259582056,-0.007369246341540371,-0.04121110308425689,-0.09966754565900947
-0.01135930682077684,0.0013666878316738304,-0.11312286504605551,-1.4118166666666676
-0.01063802028555144,-0.002198635834550588,0.048092163817767944,0.2252238117605189
-0.020115141411329997,0.0006089841442243039,0.0916653711554742,0.9407999999999993
0.01571498647400541,-0.0002591704072381617,0.552255805736033,-0.10201817699427132
-0.005106438825531729,-0.0007231646725745694,0.06677682166561386,-0.54948765541773
-0.00794057209394564,0.0018034890693597715,0.36855010340118155,-0.01447090462647334
-0.006230565420483471,0.005994782968494741,0.35800508359255145,-0.13000400297634676
-0.002406958757748501,0.003143866988082095,0.444796273431324,0.6684833333333333
-0.0029663561101738343,-0.0071801699072933205,-0.15435272434479727,-0.2731798498326924
-0.007724721441705834,-0.0006873327593274713,0.7304264597271524,-0.8421333333333336
-0.0033801183838792228,-0.002387564710634964,0.3793547226854022,-0.7311989908708231
-0.008256573982290348,0.003062583247870655,0.4980379656063162,-1.1042833333333348
-0.003721012274163954,-0.0033215690430869103,-0.011420444263098734,-0.2649512314339898
-0.005755656111140632,-0.004828062505108434,0.9514667747153384,-0.04591872309173107
0.014406516183534996,0.00806508408328907,1.1913154397684254,-0.08305642104594296
-0.0014290875721502073,-0.003675521854843255,-0.14410617489834013,0.14676544825538337
0.005894212253800841,0.00040292990388163615,0.2200249784669219,-0.11651534324744003
0.009241608989656152,0.007765889258501375,0.09343400564588626,-0.07971890294171372
0.006366467288372315,-0.0034890622002229595,0.49140533253767577,-0.008529767416580288
0.005875180457469279,-0.000616838629837534,0.13675666459504301,0.37703591467772685
0.013213132725115177,0.001515041095432314,-0.0703984436599493,0.5118905683030055
0.009578068606939615,-0.001192131197834558,-0.17516414406763844,0.39897025276753717
0.010494534946203974,0.00010899954235981085,-0.06017943058876816,-0.07578448825884426
0.006279097003631346,0.0006554289858481321,-0.004354761081965742,-0.07101880128612603
0.004381139318833154,0.00042869356940597496,-0.16397445284309484,0.09648763390957957
0.005003319205877569,-0.0004772358615461083,-0.12555936419685512,0.07432695393024251
0.01409281496986256,0.0013086376315712986,0.36828539725159604,-0.030303160058934613
0.004537534502056827,-0.0005849532140118512,-0.380757478379706,0.06995360994797051
0.0044764920749748435,-0.0009221112552830785,0.003797033167517483,0.2554555504435268
0.004584564822694103,0.001163979315141329,-0.07329233173506376,0.18311720504709933
0.004792797076812195,-0.0022072108455917015,-0.08492210864416012,0.6491688492063491
0.003875157002469555,0.0002160543341712254,-0.13867416512907485,0.06761299360985752
0.004161550660604641,0.0012883193880015706,-0.022876215516906745,-0.0745582314695281
0.0034792887070453087,-0.001834960135570532,-0.09094566683427253,-0.5093282430598781
0.0019255696682152065,0.0007501228098150265,-0.08045043193519036,-0.17138465200837216
0.0019392588667620765,0.00045218220855800325,-0.10761709216446137,-0.20242181142946108
0.002755880413415294,-0.0005742692478100958,-0.07763431078605838,-0.551804445653751
0.0020339489639522256,0.0003131772080697769,-0.022566196381369776,-0.09110032544698626
0.0017613198907450742,0.0009241945457827594,-0.08848717007970627,-0.07869166259186092
0.003141008012751012,0.0029810606622565493,0.01199948277365332,0.04550020805925985
0.002539749419364398,-0.0010951478258406136,-0.09210073146151128,0.20188682258100518
0.0019188198846705358,-0.00028922027950670524,-0.06391468099680764,-0.22497741958743014
0.002333431893174979,0.0006150477833354305,-0.08856199083355566,-0.4343204831715567
0.0021609867931454,-4.243337997021825e-05,0.09348395215063396,-0.6499629328771905
0.00033313904406397977,0.0003449322537012223,-0.009110943625748543,0.00042739154991506726
0.002635793776704995,-0.00021230622581168432,-0.08207411236586902,-0.00870070488480669
0.0028808378187209355,0.0008725889095473705,-0.083351600608246,0.041933752431349204
0.0012507950706405883,0.0001381222738620594,0.007827143291473743,-0.04478954214873261
0.002744845895694644,0.0005308424059992054,-0.05254253764007141,-0.2308401239492374
0.003154440048887771,-0.0024611325291522836,-0.07838154908688708,-0.4052936470747197
0.0022057136468431153,0.0006118135396531621,-0.07544235520157361,-0.09177770656118364
-0.00012085373752095725,-0.005017663741895888,-0.017024593862875668,-0.32515846321746267
-0.0003567024004532276,-0.0030685081855857457,-0.09557011063691931,-0.7509419047619044
0.0009887747489523808,0.0016433267433221715,-0.027090439056413555,-0.3198529508540868
0.0015631492419620613,0.006530459741464065,-0.08635611486873541,0.358373508829451
0.00047433648057488897,0.0026442965420196527,0.06441264383852023,0.07478475606758782
0.002847992532817821,-0.005754913916952722,-0.05381780580750515,-0.323738730240217
0.0014116921028520257,0.001261405662732952,-0.012605306649860724,-0.12575987501253091
0.0018121914917774177,0.004328653843337817,-0.037909788079302474,0.04464963360724338
0.003421388496093282,-0.00304328668766355,-0.06893676365509985,0.03093474892585592
0.0028458598301441805,0.0008218198638791471,-0.027812712709596822,-0.08080433130811145
0.0033578793656895358,0.0006040524413731215,-0.07551376042104847,-0.07324527300292503
0.0011770516421378704,0.0017033079662895074,-0.06098576628249055,-0.02819204959682383
0.005405771846425721,-0.002665833153051011,-0.05652621772868504,0.06340368849278359
0.0025935126094669345,-0.0013620899432190408,-0.07551981485855279,0.04041268868682152
0.003345762239857953,0.0014041566911356725,-0.0029879105544648333,0.8064499999999997
0.004053570854634685,-0.0024051603627892877,-0.09455593621314957,0.5389089341950796
0.0031963263911273087,0.0008670984101187371,-0.08522705546191395,-0.10583365256227156
0.0033723946522218468,0.00015276225867813767,-0.04719127096394904,-0.03060041872283673
0.004798341345553291,0.0012577473489849978,0.0028481932349001303,0.16210729663232779
0.003593475264071347,-0.0016224024592733108,-0.06698781170955488,0.5725049383960847
0.007435655653914844,0.0004937508071742662,-0.07169075117806194,0.07550402117257073
0.00424014569215635,0.00010732061130406186,-0.07776773234087521,-0.5239544526165753
0.00359334089043522,-0.001350296610288974,-0.06741865379463823,-0.0005886197155120089
0.0028363398181706426,0.00047671744634926775,-0.026009206357783587,-0.12414480883740701
0.0028835808786706893,6.058880493387147e-05,-0.06598098840374036,-0.31422650543418257
0.00299024099389777,0.0016459283649599124,-0.07935280852491865,0.02795543557203997
0.0030925092660446657,-0.0006882697155918596,-0.03766725269369152,0.2412423453642257
0.002732038129645508,-0.00141758455651178,0.1828658425588028,0.22876680210291309
0.0032530775868160325,0.0004322863288907789,-0.221164394920981,-0.043426199271680434
0.0030233105235022775,0.0005082731128108857,-0.06255524146605233,0.030515820909964676
0.002889931215187227,-0.0003211838539789271,-0.07995300228252383,0.11017674460055002
0.0024106709046840045,0.0009825485216924232,-0.06884370382553773,-0.08979325681465924
0.003198678709603522,-0.001961826248205285,-0.07461358516460058,-0.10867110226739828
0.0028076718160697377,0.000537740501943662,-0.08260618446405071,-0.04878819365878348
0.0029955089794693967,0.00015315031983407265,-0.04902524661706038,0.047528057306907165
0.002873037148203424,0.0004749495680808373,-0.08553791296141083,0.029698631421889433
0.0020010397325571296,-0.00013999326513722577,-0.017339342288302563,0.030063124461529162
0.002817624477686384,0.00135327694697936,-0.07920215282596069,0.09615817136075731
0.0018999064634710845,0.002210795862871465,-0.0669321122210002,-0.04253079305901438
-0.001983537591101752,-0.0022690800861455388,-0.05782907539749959,-0.14802116397058945
0.0010573312796475019,-0.0015431265805597569,-0.10627409235866103,-0.24559954532617623
-0.0038524367931085453,0.0009057222421494981,0.014217141405081122,-0.12863301626832585
0.004365132051234156,-0.0002940530133107691,-0.18939943827888825,-0.021578272087113808
-0.0017427636998326483,0.0007457697379170457,-0.004103372274828287,0.06137114481062984
-0.0008787750670545765,0.0013728155452204026,0.04137778294860344,-0.08841972423566254
0.0018545100279349792,-0.0026268355957799784,-0.05244229270355409,-0.08674190127400325
0.0019889325987513767,0.001182144775319535,-0.011342415948301574,-0.06280373383855684
-0.004058301765683473,0.0016649434138458208,-0.008488420912625456,0.10780778076859987
0.005873968358298206,-0.004271806503697063,-0.008033117973808073,0.17378616298215857
0.003316789712007139,0.002009553671674458,-0.014384518923510892,0.049239095412844956
-6.135327191123514e-05,-0.0023647607850032742,0.022682966017633425,0.09554957195220581
0.0020322259457974797,0.00029423326184742235,-0.05047244434729559,0.00875428834559238
0.001985957320990006,0.0018865372179688437,-0.024118220949815264,-0.10733549399453145
0.0012292983092749951,-0.0015586701591080107,0.0870695405764272,-0.0632187008781348
0.00253884263073815,0.003672994500972899,0.15038861107890747,0.0485060828796848
0.0020342202389590216,-0.0010759991637903897,0.16266289104077902,0.051385930331780495
-0.0021728299417160695,-0.0009939477063397497,-0.03176039274331956,-0.03213774937840859
-0.006217004809123756,-0.0032822693069689906,0.20052664947050725,-0.1283565809753486
-0.005260017161004304,0.00041760179923361525,0.14318322011074808,-0.16171687324729792
-0.0018675706952543502,-5.489690986092445e-05,-0.1125299382229959,-0.06309157512124672
-0.004352415415776471,-0.001585883153893886,0.4312850740440423,-0.11678238540399553
-0.00415870982974495,-0.0006051769943216585,0.255992573680509,0.04388146516158838
0.0008114245799852614,0.0011983132662925584,0.43723531316591147,-0.04709024361134714
0.0039925269864389224,0.0010736871983845606,-0.32059292946232104,-0.020095114487022444
0.0031629259743950642,-0.0013498839544421187,0.6935143262110719,0.08435905221321498
0.0025514990025920824,0.00041920004419359144,0.2015725863239696,0.006272590926130309
0.0026707981314141845,0.0004039386487431321,0.17376822470104403,-0.1580642204984548
0.003076557947955733,0.00024151909338680154,0.09817061642080076,-0.1571679001668073
0.0019422069835037844,-0.00017526469124931013,0.17792398346471494,-0.08903021113931599
0.002124863656827318,0.0011484100449947981,0.3232317104725731,-0.11075349681102367
0.0012350511623193466,-0.0012349227524593056,0.1258462024743098,-0.13211384240149449
-0.0006371337883029602,-0.0020013652969484968,0.177760220700356,-0.09687848206044353
0.0026417713396402523,0.0009861800538077726,0.40743091587918145,0.1437456996019291
0.0030606025928228723,0.000419862668742683,0.2550605934406238,0.10720881927188848
0.0028938420830724077,-0.00010290740705123698,0.12428986535023,-0.009704126602666863
0.002742090142616047,0.00021966637020386833,0.32117557375990463,-0.08117000696095714
0.002417477348052271,0.0004385098970242014,0.2308530783391051,-0.1036897570443132
0.003204479683047527,-0.00013289845346129556,0.016465193706336517,-0.23222961747548176
0.0013853411665153738,-0.0005372447647944867,-0.06831276632383379,-0.17903851333795054
0.002661314186460421,0.0003218418823526505,-0.02163950054457053,-0.1079466048862845
0.0030077290948696,0.0015061015690385675,0.058026748622508395,-0.035153653058687326
0.002500304472327823,-0.0013453422580589906,-0.7808202536860036,0.0889090629746877
0.0024168450570219925,2.4954361491595564e-05,0.34236104200280737,-0.03476087001652366
0.00311036637576703,0.0007717571226717482,-0.251737141550979,-0.08117991286883841
0.003118833766645693,0.0001792440771069809,-0.055727399891784254,-0.2341304236739272
0.0019871279021544622,0.0006822014789548455,-0.08608627041640354,-0.20222065967252076
0.0027143202253977366,0.00043815951288674716,-0.010447478243804851,-0.07913598950185871
0.0021617223322789514,-0.0003843968348319035,-0.0707182687053319,-0.013381472997025494
0.0024783396770206505,0.00037358744255320436,0.030513017271331915,-0.035112755067868776
0.0030478562268737605,0.0005537825234078254,-0.0810106190418438,-0.07258902750826009
0.002289454723740116,0.0003569508557026353,-0.06872641160114122,-0.09757492109257783
0.002412338058614055,0.00016882441088215448,-0.06561051400917903,-0.156370060764013
0.0028981561971357732,0.001509001794128897,-0.016281715789469055,-0.058359159146865285
0.0026496369027215086,-0.0023644734715506707,-0.05898439642646602,0.16158406647845996
0.003062922191651611,0.00011708738274248641,-0.20221959353187896,0.026407251291516613
0.0032885257045158663,-0.0003486017959287607,-0.0145897724837915,0.014190230510355333
0.0032356047097950435,0.0010385685076591785,-0.07361926507256582,0.01165382148749865
0.0036666060236563653,-0.00047404433684052993,-0.03580184034720972,0.3572451098709923
0.0038997023517263634,-0.0005460785614640882,-0.08130625863096225,0.33288659933986
0.004163122625494629,0.0005462586083297412,-0.07122754096195877,0.11646515694184816
0.0034300781660707973,0.0005912128112658186,-0.254060986786254,-0.012996866937231778
0.0037169721109230253,-0.00105851120086717,-0.07630548210461777,0.1210515894327671
0.00354453965624325,0.0007426411792663283,-0.09065758755116386,-0.013007107529532054
0.004154191839733412,-0.0015592352732578215,-0.10973880406736512,0.04460011065076785
0.003894264893991332,0.0002651191152260317,-0.08838187852635405,0.16316025053009095
0.003596376398665422,0.000837267548904903,-0.39040189105928375,0.1261764221350276
0.005807171852011808,-0.000293799313731451,-0.07545969998795987,-0.04268767383202051
0.0029553827337873606,0.0015152047805393933,-0.09147196509315336,-0.007013469904667177
0.003309600119602065,-0.0009660713208295848,-0.043261411226474096,-0.12811359156920246
0.0031250060018820918,0.0007826501382225455,-0.022670319757092213,-0.139109533109974
0.0028055752136118177,0.0002731717221999563,-0.07574667420424,-0.07960947979266876
0.002619110794262029,0.00019881485619692048,-0.09697213086782595,-0.2388884229728765
0.0028522326413079747,-0.0003578693477051536,-0.12170399104661321,-0.2990840313181048
0.0015288761069948153,-0.0014619942561835,-0.03404118743979699,-0.04696398068814265
0.004041073406833415,0.0007597722508929754,-0.14092975462058407,0.10007390125601409
0.0026791836945076514,0.0003212301509730245,0.050236824743511946,-0.08185030313623974
0.0011773879838008793,0.0010425662249434718,-0.021609984891394714,-0.08342245746622665
0.0024759989623457865,-0.002472111767303194,-0.08064326533218173,-0.08496820196115601
0.0026403725932339778,0.0009758228353482355,-0.01948371172272839,-0.09236389607301311
-0.0002322304638259229,0.0010006074541238452,-0.08367152933544648,-0.08921846864344499
0.00579879270523388,-0.002873295934513479,-0.011731500794141982,0.0029838208512278754
0.0018183913549422981,0.0011237946333731122,-0.013331589252000994,0.2911862259167885
0.0029848380742168628,0.00038697024098348717,0.031076835691943246,0.15220406425619537
0.004168680220456877,0.00012863804677030923,-0.10934724170718577,0.06204131631009288
0.005021809099576485,-0.002406959767038425,0.01572752657482102,0.07067466317644908
0.002719429383012028,0.001148190471621211,-0.22852960542931788,0.0056417718689100345
0.0036907650438258153,-0.0015734654608779352,0.012576053032642887,-0.09848985706941962
0.0032287334497105775,0.0009266688356093097,-0.2280301470413353,-0.001153721545708496
0.00268703150841784,-0.0018194726661816092,-0.07481400972205358,-0.10073357576935667
0.003529332650861688,0.0008280018999619025,-0.0851438971437116,-0.13463284837767503
0.003328451242918731,-0.000250094256461703,-0.072026995456324,-0.032778085139082716
0.002386086725641894,-0.00016106996530639066,-0.09543115763050236,0.13611074539068396
0.0035991671206523712,-0.0004942883779626793,-0.08092823149113888,-0.030476507240549733
0.003441042220121179,-0.001056570729573148,-0.1031546891184004,0.07164130289959307
0.0029872780908029926,0.0004797221303002978,-0.021728812205250442,0.09820875648949531
0.003835014020197541,-0.0001325312784395412,-0.11789064909053044,-0.05202864970724891
0.0031629361838303688,0.001074397965649959,-0.09142835568634865,-0.10678327584178547
0.0028198641371042082,-0.0015164519181333485,0.004634308101415498,-0.12525445514076922
0.0035323798240733226,0.0006002995673499287,-0.19221808231718984,-0.032047448207792845
0.005210682540838578,0.0006160564407863163,-0.09341197644989906,0.008868358314627076
0.004102470410046654,-0.0002247415536158645,-0.08064854786217633,-0.09428689308014772
0.004968411030894381,0.0004259655462617096,-0.1444632466392002,-0.05545320131279578
0.00375665128464349,0.00027103964899882505,-0.016137873563040108,-0.06080909185959922
0.003358067864492741,0.0001453531706890719,-0.18019534228393663,-0.11787718035358814
0.0027920338978650546,0.0005494534530923893,-0.0959591982677863,-0.02436891321981716
0.0027241228941052775,0.00042110827195723094,-0.13291668246930813,0.031322015524767655
0.002923575746952896,0.0005922067665001735,0.0190839662663368,0.02030987982825017
0.003274988276733126,0.0006570385205554978,-0.10479476638950512,0.0242682825195015
0.0013614114861779526,-0.0021277275771546082,-0.09740739365235228,-0.01808773997059603
0.0018949219611087168,0.0007174468671315567,-0.10161559467813268,-0.06478971366993644
0.016404347822155253,0.0004288527751751569,-0.02452259962360475,-0.0744188374463996
0.000827624892496811,-0.0013866599217492897,0.00032558247439671786,-0.22127783290902156
0.003615195310730414,0.0010629105360295949,-0.32843401914221493,-0.12451693686971066
0.00051393157449768,-0.0013249329117346153,0.17400297678316176,0.13829713453658
0.0020344644840744647,0.0006468475023226714,-0.10167470530155731,-0.06310980537590745
0.0028702232359007285,-0.00019678548822867935,-0.008986188705498301,0.028383119248211453
0.003110151973352071,-7.267450815957992e-05,-0.08177099405309558,0.17739896974298777
0.0018825830864000444,0.0014266995989509587,-0.06444743977793706,0.135753609071332
0.0022221264617605053,0.005831433457432404,-0.097238090134505,-0.029177860571923345
0.0034629451313362754,-0.006475371629156015,0.04514189733425873,0.17552826483023426
0.0016880771317656607,0.00019393105252901849,0.05759813444748048,0.18274501457978423
0.003640150730501137,0.002527741017914833,-0.3952254563265212,-0.07765242821113613
0.0030094375523219506,-0.0006861013827963812,-0.06999701311611664,0.02993386849579833
0.0018965964816048757,0.0010747016462900575,-0.07448826164813405,0.019370195240735442
0.004289690202227151,-0.0014468362710894868,-0.006729956732717226,0.041809932009516694
0.0032061046866147017,-0.00034675518523245,-0.021813887974484577,-0.014252944141114268
0.0029493559055159078,0.0011551440584832671,-0.08061552055344641,0.08393577118256347
0.003192726033691959,0.0005417525475609359,-0.0714775165784219,0.23664856311523877
0.003052466534191301,0.0001818207613762369,-0.08917787427337616,-0.02752563228345832
0.003018255887434173,0.0007507915711783179,-0.02361502991023208,-0.08578154862251053
0.0038712861189982347,-0.0062009426703563885,-0.030471028961491627,-0.10690610880646986
0.0027936597904189603,0.0012305311222390455,-0.054715606313771856,0.3212241990869341
0.0027507769447035948,0.005723731811006153,-0.0622700180261198,-0.15192631865323952
0.001158431736034139,-0.0036223275579862395,0.1968689091746656,-0.07844112248647322
0.0006901010556657024,-0.0020934309107090952,-0.20692102182194538,-0.09203593599633239
0.002052862501786147,0.0064341417834634235,-0.3440508797622982,-0.08687828165034771
7.13248495302743e-05,-0.0049682299272459434,0.2834954754399774,-0.045761054437361795
0.0013160698440964377,0.0008376946015233503,-0.10468434392736398,-0.06462847851360787
0.0003041539355129048,-0.00046506438116181853,0.05973951277084914,-0.19686711668403156
-0.001403922571818248,0.004177134279991119,0.10703862000132107,-0.08480642407088892
-0.003603253049618143,-0.004474127082899948,-0.02684745840184486,-0.07366685503054604
-0.0007438489967580893,0.0007117376680038126,-0.06337024721442686,-0.08414548527465239
-0.002266208749149668,0.0010366538491809755,-0.14186563594803592,0.06088150699031924
-0.0050494573513844634,0.002935748384932545,-0.09303782574726246,0.1776168333319522
-0.004842585270154814,-0.003257381265632657,0.4605055931884371,-0.025973285351789575
-0.0047327308682643295,-0.0045092851994033905,0.20894283353987983,-0.08264050015022681
-0.0018129914103743358,0.0026395088740778874,0.3779792104361011,-0.12214100635300376
-0.003795747058554499,0.003898957536936815,0.022102072742647937,-0.12871699644194293
-0.003696049912189257,-0.00802182198419334,0.15263514542553533,-0.0853894409322779
-0.0038781018464374302,0.0031239298966590167,0.8684435854448559,-0.003035715433505294
0.00034113973208158943,-0.0008204949807655181,0.23595086227582251,0.3191249691235773
0.0036949365918172122,0.0024628611256338135,0.21412776921357404,-0.03441346590690767
0.00015114927501024523,-0.00011974989920824344,0.3098008341314991,-0.08625694273632879
0.003834673327895708,0.0004047739202240426,0.3613959602543398,0.16910214199103574
0.002876974687208368,0.0012190369128144314,0.7396193899831977,-0.004977669101115244
0.002823249256165625,-0.0028198402332247855,0.4291646494937549,-0.059346766978341126
0.0037290531695299647,0.0003900878010268223,0.15301507060877448,-0.16495312264782008
0.0025552980445479358,0.0005752850772819592,0.08469727697118543,-0.19493277405992482
0.0029908443960548576,0.00032544318310469923,-0.18903130249942554,-0.19581188795744262
0.0020675393940905173,-0.0004931180143525328,0.8955897510484445,-0.197146824248965
0.001612143696926473,0.0008909673226691515,0.03805386458632278,-0.049145660681236276
0.002616968132599032,-0.0010339095642604846,-0.10791961166617585,0.013384390534654893
0.000754722038191434,-0.00024093626099020294,0.6436401931690102,0.0008375031592438695
0.003718744302270275,0.0022620057893273505,-0.021291556516403923,0.010272815604771801
0.0025900604740074083,-0.0009843537799574323,0.035092743706766794,-0.02202632239186244
-0.0010337030095303112,-0.001379836850665898,-0.12118346166404485,-0.09296323713426746
0.001491926166162019,-0.00494647678391731,0.8760464136767261,-0.011525312269892571
0.001538648903911384,0.0017036791034015174,-0.17957281748217302,-0.2001130545376337
0.002307727132110602,0.002713118083495475,0.6791480831058375,-0.16022677182240355
0.0022362867022599456,0.0025815371667795572,-0.09470742313262497,0.5084460972473286
0.0006343884808054683,0.0006000781464273447,-0.26691720966748517,0.31830883345455785
0.0034412694201763406,0.00010450732088095463,0.09817321304477498,-0.11593030960206079
0.0026325487040939205,-0.005011125991711054,-0.033873113235504335,-0.0712708738400355
0.003133853880828761,0.0009530325300881562,0.4667595616830301,0.028439917386736034
0.002614545450962205,0.0021054277283479436,-0.13442617320222183,-0.007527837771298043
0.0029540908228951565,0.002964823614157953,-0.06554275871355038,-0.07119949583730016
0.0032674868797713096,-0.002579595858589499,0.07065386686862216,-0.08131642290144604
0.0021274247716324313,0.0008869984387729026,-0.10967501633771752,-0.10991805570149213
0.0033762489500293886,-0.00019987971339985474,-0.016631862270046826,0.2589956621516937
0.0033579795855358907,0.0015208503337366278,-0.031011817948590755,0.1823253834091863
0.0009036170487846257,-0.0005391344304728255,-0.03900825388001708,0.008711942789766187
0.003590128445064303,-0.0029188863635739603,-1.3854319136231665,-0.10034030687045041
0.0027912907127753193,0.0005773990276786133,-0.06944216365846362,-0.17253139625349842
0.0025304018152214414,0.0007344863901233969,0.01562073271537128,-0.12686085167441682
0.003305033909512815,0.0013112497884640022,-0.028724896580132366,-0.03667233288410663
0.0026840551634088887,9.309417981287877e-05,-0.06714620610686646,0.046010176220875464
0.003275310568222182,-0.004832303169808077,-0.08516360302603931,0.012932006580660137
0.003264437040640403,0.0002987498687755109,-0.0510139324271615,0.01230847793011144
0.0031490791936186163,0.0053856463413348475,-0.09661266224965852,-0.03335848433869763
0.002311079840635492,-0.0007555031041855016,-0.03710635318070738,0.18989217763254831
0.003203030058523837,-0.0002852345264802283,-0.09100925432932745,-0.055083392057713024
0.002860494673523632,-0.0032511600517136684,-0.0978825956945538,-0.11200697327660064
0.0027161196019213152,0.0014728929826161843,-0.10537534070985805,-0.08943623609971203
0.002417551591430825,0.0057196787631965396,-0.11489281837291253,0.022294890745382524
0.0029805982896321842,-2.3184929544627174e-05,0.04647601180548044,0.034021432890102024
-0.0033889489833991886,0.0039476105118373675,-0.16260102544960742,-0.0024697038969583637
0.005130826501110699,-0.011698539476219702,-0.04972689398472609,0.13630119025588402
0.003507924020952044,-0.007850317842305016,-0.47150088976176785,0.0486261140500641
0.0033132190431229987,0.005377048360295868,-0.025622546297275322,-0.009802949628062139
0.002792365767824872,0.006936116219732669,-0.1632018984189526,-0.04090893649680522
0.00225419861611988,-0.00597881503466261,0.07248772696453945,0.07559898744670993
0.00207248233950392,0.0009786974113567565,-0.858043611080862,0.04651262188351699
0.003133202014565859,0.003857664621571455,-0.3879030462382966,0.09502688159949187
0.0018475804198076625,-0.002423410786700682,0.0292368638825065,0.07196321043121313
0.002493956241229722,-0.0005904472482726572,-0.0848956340906195,-0.008119294793938725
0.00209553155845,0.002462940192310636,-0.05169891514390161,0.0030302552695690784
0.002265932667601557,-0.0018175202933543048,-0.027214963496384498,-0.10453937525177964
0.0015997336339165405,-0.009121489024696377,-0.0688564722879323,-0.11218611064943458
0.001546987398073033,0.00036044131243655485,-0.11496384409613312,-0.07291411265826468
0.0016631565678882116,0.005953535417452614,-0.08573969099216351,-0.04290861051906589
0.0033350738573200687,0.00525581569230295,-0.03215674500240482,-0.04218256926276199
-8.701381327693624e-05,-0.004754134775673569,0.07678346038182167,0.08040515530994996
0.0032809682801715474,0.002050234289365818,0.1642027220647637,-0.006919447173574546
0.0016461908689473842,0.002012208784788624,0.5255673064319479,-0.07807080611782388
0.002710840185283414,-0.002336440040340831,-0.2715446598127929,0.01671315344087997
0.0012975747471338367,0.000759815214343716,-0.07242632499200959,0.03349887992823982
0.0018225976159804058,-0.0016793572395626887,-0.05416683773643007,0.1400267729078568
0.0014953183651917063,0.00045303853446869213,0.10420054093612899,-0.020135257822729923
0.001201212986910591,7.537486608207547e-05,-0.13318823175278385,-0.11263278628516955
0.0017999405507094061,0.004173269441423178,-0.08172100149730044,-0.0881563075008515
-0.001475937242764696,-0.001042287241623408,0.12679862079234058,-0.028929966492446585
0.0020218067510267513,0.0035986385720348543,0.02584092731463895,-0.22636810702362856
0.0001882153021731886,-0.00458961663949565,-0.31562831100775673,-0.07348694721557553
-0.001128508650209067,2.050843603066248e-05,0.42102331522368963,-0.15841242428955016
-0.0023547810249794497,-0.0008309276784844552,-0.5428863831126005,-0.07329501131921581
-0.00131956768628248,0.0011672159249959406,-0.0653472613552816,-0.11554489529197363
-0.004198975230018354,-0.0017342961934951496,0.1253584075597854,0.02651099660747253
-0.004576362720259307,0.0031415434142406194,-0.031936336614925676,0.11943464580558454
-0.0013259848589806417,0.005385357335114585,0.3953832364481418,0.13096918373574817
-0.003217419086071313,-0.004327001063343951,0.0026276021530213457,-0.04238375872257797
-0.013353880344132655,-0.007765947413984452,0.5724107743334226,-0.09881158362484652
-0.04390094626828225,0.0023384307579768825,0.8129249843553942,-0.10566174804434712
0.00724550988374904,-0.009960302805929983,1.2155004017374849,-0.034615154123175965
-0.04280218992355541,-0.00970426874030231,-4.288751443197306,-0.14733751403159862
-0.02878805275062853,0.010626246094478488,0.9542102274917138,-1.182066666666668
-0.024762190565609625,0.010027625368112693,-0.025031978134996073,0.029629642988090704
-0.0068419753034503475,0.0017420403288491988,0.38049802769287266,0.38950923675283483
-0.015808532524108576,-0.005522343186813263,0.6776919573620246,-0.03701373825727924
-0.011791514075823947,0.001817853215933382,0.7786815397269768,0.010287427912151415
-0.009838615322108038,0.0005467209440550046,0.7063680775186869,0.28624265886829575
-0.0036059232968296924,0.006856256874659661,1.5197916666666642,0.39994118430872666
0.009915246066156685,-0.010206736266701311,1.1846464285714293,-0.09963265913808332
0.009818546047379353,0.0027650942865073166,0.20414488993252636,-0.05852641591526092
0.005653810511078241,-0.001315895233717378,1.3067435515873027,-0.1037135432901133
0.0033791798194991616,0.0005142469535243682,0.9075765934857852,-0.07466391827565365
0.003860346969762821,0.0003991594912551646,1.3876899752837246,0.00018342626611908566
0.003097626844381586,-0.0019448849976645222,0.7694252174957356,0.07948160872759714
0.0062786133602946775,-3.0472664381212608e-05,0.5938593387490031,0.051553827878273346
0.003479611681426893,-0.00037623952905254895,-0.3318917080253291,-0.012738128503503634
0.0038195894051743224,0.0007936334711540047,1.805966666666667,-0.06581307194956715
0.002746535611254529,0.0002628337244294761,1.6795101078864827,0.09953619110194786
0.007844580612057754,-2.375692768167079e-05,0.6446766149134318,-0.25452133438909635
0.003447875622022273,-0.00021882162939539841,0.3850668184934803,-0.13544354438595466
0.003001305431018727,0.0017817785073480682,-0.5403996800799333,-0.12403573841910714
0.0025656196440983136,-0.0013099462515385647,-0.061138207502015963,-0.16278191837299744
0.0023111029682080842,0.0006226956924816013,-0.11106632122282072,-0.07795321833579347
0.002108665906144693,0.000728495459478855,0.29098295265802215,-0.06267369542446427
0.0023063207879675785,-0.001228833778472115,-0.029886204373601608,0.05907769387292355
0.003946190145497739,0.0008594976210036923,0.4816676128700002,0.3038325039266247
0.002207630319225506,-0.0015249706616388837,2.1108333333333364,0.04985759147738644
0.0007938923634376011,0.0007703484820951337,-0.08439128653754685,0.10820759750231415
0.005365065216558887,0.0006040779745048585,1.5469560624831096,-0.012354604332416199
0.001988993694723569,7.297727100206357e-05,-0.20555706809932053,-0.004242337941387557
0.0029096291074814837,-0.0013560092235928105,0.2388601275010304,-0.12174582456875377
0.002452735305316372,-0.0025695198301932706,-0.07401521071666867,-0.123708473751518
0.0020713155886979483,0.0019589208215684633,0.15426524821127555,-0.04458309559565212
0.002584538769494278,0.00031346216537802364,-0.19353391693350286,-0.3782179481949025
0.0020496042952519045,-0.0022377878393131556,-0.041496844213401995,-0.17450908815667682
0.0027313468522351006,-0.00026610224018732304,-1.4640056431910684,0.03686313486463474
0.001983991575343089,0.000843631947691422,0.4607571862137203,-0.041099216640708945
0.002553482086322808,-0.0002846067954851679,0.03391166800679494,-0.07182793350274412
0.00416000546146292,0.0015106768492052427,-0.06157080823874102,0.011017929212663763
0.003805039534175185,-0.000775918775112944,-0.15463361230535871,0.01688511325631058
0.0019398417385450247,4.588402756775789e-05,-0.024861587599475005,0.0629074152048545
0.004506412529325148,0.0002484031052981329,-0.05826263374441618,-0.023553506579738603
0.002344024403585822,-0.0030988031395701356,0.03142267050878945,-0.09535903726264121
0.0012935352453299557,0.001020862045255422,-0.027016971702550546,-0.08856762622193166
0.0023626250715091707,0.0011114921747666083,-0.27381557774513543,-0.0759166820269757
0.0008659975072656521,0.004328433358216782,-0.00011790608865956936,0.027588149012985137
0.0019897500577518976,-0.0012329033487674468,0.049018413886906115,0.02072956664952963
0.0019121284203418834,-0.0017918170163681475,-0.09384424237435532,-0.0035974111857303144
0.00226276332995621,-0.004266086462324919,-0.03900045223936484,-0.04516989143150638
0.00242958728819381,0.0015308635411578249,-0.3056791388314901,-0.03253274376034287
0.001586656664858912,0.0023356821128739822,-0.47695616598081203,0.06066635073576177
0.002566491294792755,0.003925422066681564,0.15726253604267718,0.036215065365275724
0.0024815998788220352,-0.008676921960565428,0.12295442632520998,0.007458788356130527
0.0015820542899039316,0.0009194384340882448,-0.19255431304723922,-0.09864031262599278
0.001912857583828956,0.00322029125745301,-0.008835705066023897,-0.021420885710944932
0.0020190582229502496,0.0014747147027903103,-0.0906506516213587,0.17497341867533078
0.0008155091506643547,-0.00046431440340277046,0.07727561063446262,0.1789355570612653
0.003129691718809728,0.00030999322341635605,-0.07165915285825729,0.05393194668703756
0.00350140445101463,-0.0017151515823748754,-0.0906458916959586,0.05593619046898453
0.0014276615428241532,0.0005610514937674188,-0.41855374731424677,-0.05062847451455383
0.0023822899723614658,0.0005234036097292305,0.685025752270032,-0.01865035497269788
0.002398745968648633,0.000464246120453466,-0.17669649783052443,0.03002197147881018
0.0017062236989216527,0.00018773355323192906,-0.2627700470846922,0.009912628593086477
0.0036367132768010315,-0.0016539711104129385,0.8422280971956162,-0.05682830199311309
0.002793487704644768,0.0006895253684526115,-0.9964581675121861,-0.03697288962724292
0.0014634210317601933,-0.0007758322935210311,-0.07621751226375574,0.010453946752497596
0.002580568444776578,0.00013731768695595008,-0.11982941719806287,-0.017251027363985382
0.002352679777988171,0.00030120494624821424,-0.09238032111996143,-0.024855622259251416
0.002319924936697643,0.00030460624832022296,-0.22159932194589044,0.0034579514446819084
0.0024534995139604996,0.00014104761439546044,-0.10475543199956043,-0.024046394975027124
0.0023365756069739798,0.0006378709561311671,-0.032718719668653765,-9.664787565162557e-06
0.0020752601199727112,0.00038687389158142705,-0.06036712129062181,-0.034079841661935915
0.0034819387484909055,-0.0017008188999564277,-0.04190452247527797,-0.04494215771113955
0.0018826892557009234,0.00039305647061303403,-0.09444517583545847,0.008657911034386722
0.0014004811077062188,-0.0023879641221087418,-0.1311265193780113,-0.11179956415632963
0.00048239393028542336,0.008165613318678181,-0.5104842592724792,-0.030647763546485924
0.001122374880154508,0.0005683612065198615,-0.5794717730240353,0.014047210814020362
-0.000718212144840548,-0.0018035174004391182,0.1988395517896828,-0.010472332191974193
0.0007568403279749838,0.0016669756905535597,-0.17769946153725358,0.04553908400533628
0.0010613198970143003,-0.0014359933521065267,-1.811218229318174,0.10349643870074815
0.002074609451100083,-0.0010412254904420164,-0.022732439904381355,-0.020575552869242616
0.00020271061319615015,-0.0017188975842864203,-0.0027488682738529197,-0.06812265969751898
0.0009910011576781347,-0.0001778900330462166,-1.9841861614187055,-0.05496839618648327
0.001246662872004344,0.003395331116257351,1.2365718695809418,-0.05361538296607724
0.00022794039007829753,0.00045105570671663276,-0.03222154381947761,0.047164410081779753
0.0004323480641125821,-0.0021533737370085866,-0.10624918645010518,0.012978216990781923
0.002748514820502437,0.0007346810595256391,0.16487794244910134,-0.05409553523146934
-0.003307611771046048,-0.000177807385712925,0.07181186360724848,-0.1104513417660743
-0.0009722150531557246,0.004087016127740173,-0.8095088574251413,-0.01679613318609252
0.0021646726107238503,0.00044010675372249593,-0.09363412149337806,-0.02495737020214288
0.0009686020535903931,-0.0013968873769714908,-0.13938204578909394,-0.055142087841890335
0.001889681051943611,0.0006257439537635702,0.22872935154039242,-0.041205455799318065
0.0017296852345188617,-0.0029162166359866905,-0.1827058191367475,-0.08955482749873132
0.0021197779014869465,0.0015091879624537145,-0.22547088979306093,-0.020387413438646442
0.0021763803001667364,0.0007780748909342512,-0.32815737064171385,0.0332667873426482
0.0024472197449086405,3.467178979697895e-05,0.038071076308597095,0.02954912038507547
0.0017511192470487794,-0.00012630235899331572,-0.1292368230928223,0.11704842523178721
0.0030418311303126557,0.0009310222254995794,0.12029554598143084,0.15020232342926113
0.0012931824295302457,0.0009654929538880919,-0.15590411942451568,-0.0021866198338333313
0.0011901112937693957,-0.002868977004795133,0.05086027323677991,-0.04108759990242244
0.0027878992530526335,-0.00010109898029343977,-0.08800400604893019,0.03548830282245893
0.0028215871857593887,0.0026784763417079297,-0.8651284457828009,-0.04985483959523407
0.0017441222948008672,-0.003770882080285148,0.4357707311881396,-0.031843660503164666
0.0024782450993705535,0.00133958483183993,-0.028951256090985648,-0.02938728812311193
0.0020131961198706473,-0.0009193285410329471,-0.09629915056456591,0.01976639048508033
0.0012545617535309242,0.002391546831124182,-0.1613735475949031,-0.0070193384081301755
0.002363387578080765,0.0011695656933212687,0.6099900669958668,-0.01440776708214591
0.004165183552816903,-0.004026413076118556,-0.20262551199559567,0.06181140769453653
0.002510795192654686,0.0019061033673981294,-0.10199909684419647,0.0036701734002580716
0.002722179175871468,-0.001802602634627222,-1.0052207565135125,0.012163257639642336
0.002100227257852419,0.0015086983698744706,-0.05377010904344043,0.03536859801722902
0.0024668093729596457,-0.0015788768102697123,-0.2054684158519117,0.06019034118832729
0.003952612799296622,-0.0014779149609857251,0.16478852292605248,0.020184654854463344
0.0037620757838345716,0.0012373613981941857,-2.0956373175553344,0.006171648765827329
0.000982238828265921,-0.001087077519965731,-1.172369899988856,0.04846977138244168
0.0032726199945247456,0.0005499344287649787,-0.0015443582389407997,-0.02284246967376602
0.0034943786951833807,-0.0007425320160809174,0.5710026005947754,-0.02944984732071886
0.0030980232114527235,0.0006069876193020384,-0.5272252036865195,0.012457678643501639
0.00253031120807105,-0.0004395528604472563,0.25304603715424345,0.0450649464200272
0.0025126553139635014,0.0003988649921286328,-1.2921021056474848,0.061887347465978675
0.0027526361607173337,-0.0018016834542911445,-0.46721837096262125,0.0019132173838869548
0.00219535573860521,-0.0008694750911628548,0.03616299078964999,-0.12716183719076016
0.0015026866348563242,0.0011512560026573882,-0.5906362159262319,-0.05986708713068567
0.0012190982361895736,0.0017992525231248953,0.1699922929851608,-0.031639601568226164
0.001915034099839994,0.0030027463940128173,-0.06545812903123861,-0.05214471656428116
1.9995947669696623e-05,-0.00042315795407815634,0.061345010398498497,-0.054702738349760124
0.0017518725604845431,-0.002534817926635175,0.6568582959024465,-0.07216029228315751
0.0017193843667746426,0.00023670343230247485,-0.6051450902902156,-0.12044812528467486
0.0003812073133687729,0.0014398556807936806,-1.5385827102720375,-0.07922405699787932
0.0024533250624493128,-0.0012955196813656835,1.7125084017216379,-0.15598732360541237
0.0003533849365252171,-6.588219630575406e-05,-0.08274205014256593,-0.05649399050265045
0.0005038310140194847,0.0006309333875404018,-0.1003717116870691,-0.0008350185581307039
0.0036922515081638575,-0.0012493886335617028,-0.19985183669987905,-0.01146615648768244
-0.0019505099327571285,0.00036679008081943586,0.26762732709671544,0.028164301578742133
0.00012639461968251656,0.0008470832153234902,0.2149492885170379,-0.02026957723693419
0.0018445056959320348,-0.001442656231078025,-0.4373656463407306,-0.10665565940944885
-0.029430953085327977,-0.003086975273005904,-2.599155296451483,-0.275734409439463
-0.0728246100235786,-0.00633911453722889,-5.446999999999987,-0.12895337060744622
0.0018469224810943577,0.008809314565889226,4.700000000000016,-0.05709363290710196
0.05031470129750845,0.007465495045362301,4.700000000000016,0.029034739314527755
0.05069304488729324,0.0010119167402240158,1.807789113558095,-0.05781026995462435
0.01196862325414366,-0.002546650088131126,2.2484166666666683,-0.004514464924320762
0.0011176310266728785,-0.00042992213953099663,0.6586216146246635,0.04532218830865364
0.008966705676586558,-0.0012351104638762779,0.13016778202935747,0.07191641631853815
0.006312345126662138,0.0008003351189257633,1.4130142618805033,0.047492648398436525
0.006401320638041737,0.0004802017368762416,0.46268757744636474,0.029783777968895184
0.005257530318205282,0.0006001564419891332,2.319000000000006,0.06776708747625619
-0.021205385889924985,0.0008296338999278654,1.4938667126824339,0.09115922851577266
0.009829565063160349,0.0019190209340071522,2.1427642089093744,0.22673594647822728
