date,value,variable,country
1950-01-01,1.5,IR,US
1950-02-01,1.5,IR,US
1950-03-01,1.5,IR,US
1950-04-01,1.5,IR,US
1950-05-01,1.5,IR,US
1950-06-01,1.5,IR,US
1950-07-01,1.5,IR,US
1950-08-01,1.59,IR,US
1950-09-01,1.75,IR,US
1950-10-01,1.75,IR,US
1950-11-01,1.75,IR,US
1950-12-01,1.75,IR,US
1951-01-01,1.75,IR,US
1951-02-01,1.75,IR,US
1951-03-01,1.75,IR,US
1951-04-01,1.75,IR,US
1951-05-01,1.75,IR,US
1951-06-01,1.75,IR,US
1951-07-01,1.75,IR,US
1951-08-01,1.75,IR,US
1951-09-01,1.75,IR,US
1951-10-01,1.75,IR,US
1951-11-01,1.75,IR,US
1951-12-01,1.75,IR,US
1952-01-01,1.75,IR,US
1952-02-01,1.75,IR,US
1952-03-01,1.75,IR,US
1952-04-01,1.75,IR,US
1952-05-01,1.75,IR,US
1952-06-01,1.75,IR,US
1952-07-01,1.75,IR,US
1952-08-01,1.75,IR,US
1952-09-01,1.75,IR,US
1952-10-01,1.75,IR,US
1952-11-01,1.75,IR,US
1952-12-01,1.75,IR,US
1953-01-01,1.88,IR,US
1953-02-01,2,IR,US
1953-03-01,2,IR,US
1953-04-01,2,IR,US
1953-05-01,2,IR,US
1953-06-01,2,IR,US
1953-07-01,2,IR,US
1953-08-01,2,IR,US
1953-09-01,2,IR,US
1953-10-01,2,IR,US
1953-11-01,2,IR,US
1953-12-01,2,IR,US
1954-01-01,2,IR,US
1954-02-01,1.79,IR,US
1954-03-01,1.75,IR,US
1954-04-01,1.63,IR,US
1954-05-01,1.5,IR,US
1954-06-01,1.5,IR,US
1954-07-01,1.5,IR,US
1954-08-01,1.5,IR,US
1954-09-01,1.5,IR,US
1954-10-01,1.5,IR,US
1954-11-01,1.5,IR,US
1954-12-01,1.5,IR,US
1955-01-01,1.5,IR,US
1955-02-01,1.5,IR,US
1955-03-01,1.5,IR,US
1955-04-01,1.63,IR,US
1955-05-01,1.75,IR,US
1955-06-01,1.75,IR,US
1955-07-01,1.75,IR,US
1955-08-01,1.97,IR,US
1955-09-01,2.18,IR,US
1955-10-01,2.25,IR,US
1955-11-01,2.36,IR,US
1955-12-01,2.5,IR,US
1956-01-01,2.5,IR,US
1956-02-01,2.5,IR,US
1956-03-01,2.5,IR,US
1956-04-01,2.65,IR,US
1956-05-01,2.75,IR,US
1956-06-01,2.75,IR,US
1956-07-01,2.75,IR,US
1956-08-01,2.81,IR,US
1956-09-01,3,IR,US
1956-10-01,3,IR,US
1956-11-01,3,IR,US
1956-12-01,3,IR,US
1957-01-01,3,IR,US
1957-02-01,3,IR,US
1957-03-01,3,IR,US
1957-04-01,3,IR,US
1957-05-01,3,IR,US
1957-06-01,3,IR,US
1957-07-01,3,IR,US
1957-08-01,3.15,IR,US
1957-09-01,3.5,IR,US
1957-10-01,3.5,IR,US
1957-11-01,3.23,IR,US
1957-12-01,3,IR,US
1958-01-01,2.94,IR,US
1958-02-01,2.75,IR,US
1958-03-01,2.35,IR,US
1958-04-01,2.03,IR,US
1958-05-01,1.75,IR,US
1958-06-01,1.75,IR,US
1958-07-01,1.75,IR,US
1958-08-01,1.75,IR,US
1958-09-01,1.91,IR,US
1958-10-01,2,IR,US
1958-11-01,2.4,IR,US
1958-12-01,2.5,IR,US
1959-01-01,2.5,IR,US
1959-02-01,2.5,IR,US
1959-03-01,2.92,IR,US
1959-04-01,3,IR,US
1959-05-01,3.05,IR,US
1959-06-01,3.5,IR,US
1959-07-01,3.5,IR,US
1959-08-01,3.5,IR,US
1959-09-01,3.83,IR,US
1959-10-01,4,IR,US
1959-11-01,4,IR,US
1959-12-01,4,IR,US
1960-01-01,4,IR,US
1960-02-01,4,IR,US
1960-03-01,4,IR,US
1960-04-01,4,IR,US
1960-05-01,4,IR,US
1960-06-01,3.65,IR,US
1960-07-01,3.5,IR,US
1960-08-01,3.18,IR,US
1960-09-01,3,IR,US
1960-10-01,3,IR,US
1960-11-01,3,IR,US
1960-12-01,3,IR,US
1961-01-01,3,IR,US
1961-02-01,3,IR,US
1961-03-01,3,IR,US
1961-04-01,3,IR,US
1961-05-01,3,IR,US
1961-06-01,3,IR,US
1961-07-01,3,IR,US
1961-08-01,3,IR,US
1961-09-01,3,IR,US
1961-10-01,3,IR,US
1961-11-01,3,IR,US
1961-12-01,3,IR,US
1962-01-01,3,IR,US
1962-02-01,3,IR,US
1962-03-01,3,IR,US
1962-04-01,3,IR,US
1962-05-01,3,IR,US
1962-06-01,3,IR,US
1962-07-01,3,IR,US
1962-08-01,3,IR,US
1962-09-01,3,IR,US
1962-10-01,3,IR,US
1962-11-01,3,IR,US
1962-12-01,3,IR,US
1963-01-01,3,IR,US
1963-02-01,3,IR,US
1963-03-01,3,IR,US
1963-04-01,3,IR,US
1963-05-01,3,IR,US
1963-06-01,3,IR,US
1963-07-01,3.24,IR,US
1963-08-01,3.5,IR,US
1963-09-01,3.5,IR,US
1963-10-01,3.5,IR,US
1963-11-01,3.5,IR,US
1963-12-01,3.5,IR,US
1964-01-01,3.5,IR,US
1964-02-01,3.5,IR,US
1964-03-01,3.5,IR,US
1964-04-01,3.5,IR,US
1964-05-01,3.5,IR,US
1964-06-01,3.5,IR,US
1964-07-01,3.5,IR,US
1964-08-01,3.5,IR,US
1964-09-01,3.5,IR,US
1964-10-01,3.5,IR,US
1964-11-01,3.62,IR,US
1964-12-01,4,IR,US
1965-01-01,4,IR,US
1965-02-01,4,IR,US
1965-03-01,4,IR,US
1965-04-01,4,IR,US
1965-05-01,4,IR,US
1965-06-01,4,IR,US
1965-07-01,4,IR,US
1965-08-01,4,IR,US
1965-09-01,4,IR,US
1965-10-01,4,IR,US
1965-11-01,4,IR,US
1965-12-01,4.42,IR,US
1966-01-01,4.5,IR,US
1966-02-01,4.5,IR,US
1966-03-01,4.5,IR,US
1966-04-01,4.5,IR,US
1966-05-01,4.5,IR,US
1966-06-01,4.5,IR,US
1966-07-01,4.5,IR,US
1966-08-01,4.5,IR,US
1966-09-01,4.5,IR,US
1966-10-01,4.5,IR,US
1966-11-01,4.5,IR,US
1966-12-01,4.5,IR,US
1967-01-01,4.5,IR,US
1967-02-01,4.5,IR,US
1967-03-01,4.5,IR,US
1967-04-01,4.1,IR,US
1967-05-01,4,IR,US
1967-06-01,4,IR,US
1967-07-01,4,IR,US
1967-08-01,4,IR,US
1967-09-01,4,IR,US
1967-10-01,4,IR,US
1967-11-01,4.18,IR,US
1967-12-01,4.5,IR,US
1968-01-01,4.5,IR,US
1968-02-01,4.5,IR,US
1968-03-01,4.66,IR,US
1968-04-01,5.2,IR,US
1968-05-01,5.5,IR,US
1968-06-01,5.5,IR,US
1968-07-01,5.5,IR,US
1968-08-01,5.48,IR,US
1968-09-01,5.25,IR,US
1968-10-01,5.25,IR,US
1968-11-01,5.25,IR,US
1968-12-01,5.36,IR,US
1969-01-01,5.5,IR,US
1969-02-01,5.5,IR,US
1969-03-01,5.5,IR,US
1969-04-01,5.95,IR,US
1969-05-01,6,IR,US
1969-06-01,6,IR,US
1969-07-01,6,IR,US
1969-08-01,6,IR,US
1969-09-01,6,IR,US
1969-10-01,6,IR,US
1969-11-01,6,IR,US
1969-12-01,6,IR,US
1970-01-01,6,IR,US
1970-02-01,6,IR,US
1970-03-01,6,IR,US
1970-04-01,6,IR,US
1970-05-01,6,IR,US
1970-06-01,6,IR,US
1970-07-01,6,IR,US
1970-08-01,6,IR,US
1970-09-01,6,IR,US
1970-10-01,6,IR,US
1970-11-01,5.85,IR,US
1970-12-01,5.52,IR,US
1971-01-01,5.23,IR,US
1971-02-01,4.91,IR,US
1971-03-01,4.75,IR,US
1971-04-01,4.75,IR,US
1971-05-01,4.75,IR,US
1971-06-01,4.75,IR,US
1971-07-01,4.88,IR,US
1971-08-01,5,IR,US
1971-09-01,5,IR,US
1971-10-01,5,IR,US
1971-11-01,4.9,IR,US
1971-12-01,4.63,IR,US
1972-01-01,4.5,IR,US
1972-02-01,4.5,IR,US
1972-03-01,4.5,IR,US
1972-04-01,4.5,IR,US
1972-05-01,4.5,IR,US
1972-06-01,4.5,IR,US
1972-07-01,4.5,IR,US
1972-08-01,4.5,IR,US
1972-09-01,4.5,IR,US
1972-10-01,4.5,IR,US
1972-11-01,4.5,IR,US
1972-12-01,4.5,IR,US
1973-01-01,4.77,IR,US
1973-02-01,5.05,IR,US
1973-03-01,5.5,IR,US
1973-04-01,5.5,IR,US
1973-05-01,5.9,IR,US
1973-06-01,6.33,IR,US
1973-07-01,6.98,IR,US
1973-08-01,7.29,IR,US
1973-09-01,7.5,IR,US
1973-10-01,7.5,IR,US
1973-11-01,7.5,IR,US
1973-12-01,7.5,IR,US
1974-01-01,7.5,IR,US
1974-02-01,7.5,IR,US
1974-03-01,7.5,IR,US
1974-04-01,7.6,IR,US
1974-05-01,8,IR,US
1974-06-01,8,IR,US
1974-07-01,8,IR,US
1974-08-01,8,IR,US
1974-09-01,8,IR,US
1974-10-01,8,IR,US
1974-11-01,8,IR,US
1974-12-01,7.81,IR,US
1975-01-01,7.4,IR,US
1975-02-01,6.82,IR,US
1975-03-01,6.4,IR,US
1975-04-01,6.25,IR,US
1975-05-01,6.12,IR,US
1975-06-01,6,IR,US
1975-07-01,6,IR,US
1975-08-01,6,IR,US
1975-09-01,6,IR,US
1975-10-01,6,IR,US
1975-11-01,6,IR,US
1975-12-01,6,IR,US
1976-01-01,5.79,IR,US
1976-02-01,5.5,IR,US
1976-03-01,5.5,IR,US
1976-04-01,5.5,IR,US
1976-05-01,5.5,IR,US
1976-06-01,5.5,IR,US
1976-07-01,5.5,IR,US
1976-08-01,5.5,IR,US
1976-09-01,5.5,IR,US
1976-10-01,5.5,IR,US
1976-11-01,5.43,IR,US
1976-12-01,5.25,IR,US
1977-01-01,5.25,IR,US
1977-02-01,5.25,IR,US
1977-03-01,5.25,IR,US
1977-04-01,5.25,IR,US
1977-05-01,5.25,IR,US
1977-06-01,5.25,IR,US
1977-07-01,5.25,IR,US
1977-08-01,5.27,IR,US
1977-09-01,5.75,IR,US
1977-10-01,5.8,IR,US
1977-11-01,6,IR,US
1977-12-01,6,IR,US
1978-01-01,6.37,IR,US
1978-02-01,6.5,IR,US
1978-03-01,6.5,IR,US
1978-04-01,6.5,IR,US
1978-05-01,6.84,IR,US
1978-06-01,7,IR,US
1978-07-01,7.23,IR,US
1978-08-01,7.43,IR,US
1978-09-01,7.83,IR,US
1978-10-01,8.26,IR,US
1978-11-01,9.5,IR,US
1978-12-01,9.5,IR,US
1979-01-01,9.5,IR,US
1979-02-01,9.5,IR,US
1979-03-01,9.5,IR,US
1979-04-01,9.5,IR,US
1979-05-01,9.5,IR,US
1979-06-01,9.5,IR,US
1979-07-01,9.69,IR,US
1979-08-01,10.24,IR,US
1979-09-01,10.7,IR,US
1979-10-01,11.77,IR,US
1979-11-01,12,IR,US
1979-12-01,12,IR,US
1980-01-01,12,IR,US
1980-02-01,12.52,IR,US
1980-03-01,13,IR,US
1980-04-01,13,IR,US
1980-05-01,12.94,IR,US
1980-06-01,11.4,IR,US
1980-07-01,10.87,IR,US
1980-08-01,10,IR,US
1980-09-01,10.17,IR,US
1980-10-01,11,IR,US
1980-11-01,11.47,IR,US
1980-12-01,12.87,IR,US
1981-01-01,13,IR,US
1981-02-01,13,IR,US
1981-03-01,13,IR,US
1981-04-01,13,IR,US
1981-05-01,13.87,IR,US
1981-06-01,14,IR,US
1981-07-01,14,IR,US
1981-08-01,14,IR,US
1981-09-01,14,IR,US
1981-10-01,14,IR,US
1981-11-01,13.03,IR,US
1981-12-01,12.1,IR,US
1982-01-01,12,IR,US
1982-02-01,12,IR,US
1982-03-01,12,IR,US
1982-04-01,12,IR,US
1982-05-01,12,IR,US
1982-06-01,12,IR,US
1982-07-01,11.81,IR,US
1982-08-01,10.68,IR,US
1982-09-01,10,IR,US
1982-10-01,9.68,IR,US
1982-11-01,9.35,IR,US
1982-12-01,8.73,IR,US
1983-01-01,8.5,IR,US
1983-02-01,8.5,IR,US
1983-03-01,8.5,IR,US
1983-04-01,8.5,IR,US
1983-05-01,8.5,IR,US
1983-06-01,8.5,IR,US
1983-07-01,8.5,IR,US
1983-08-01,8.5,IR,US
1983-09-01,8.5,IR,US
1983-10-01,8.5,IR,US
1983-11-01,8.5,IR,US
1983-12-01,8.5,IR,US
1984-01-01,8.5,IR,US
1984-02-01,8.5,IR,US
1984-03-01,8.5,IR,US
1984-04-01,8.87,IR,US
1984-05-01,9,IR,US
1984-06-01,9,IR,US
1984-07-01,9,IR,US
1984-08-01,9,IR,US
1984-09-01,9,IR,US
1984-10-01,9,IR,US
1984-11-01,8.83,IR,US
1984-12-01,8.37,IR,US
1985-01-01,8,IR,US
1985-02-01,8,IR,US
1985-03-01,8,IR,US
1985-04-01,8,IR,US
1985-05-01,7.81,IR,US
1985-06-01,7.5,IR,US
1985-07-01,7.5,IR,US
1985-08-01,7.5,IR,US
1985-09-01,7.5,IR,US
1985-10-01,7.5,IR,US
1985-11-01,7.5,IR,US
1985-12-01,7.5,IR,US
1986-01-01,7.5,IR,US
1986-02-01,7.5,IR,US
1986-03-01,7.1,IR,US
1986-04-01,6.83,IR,US
1986-05-01,6.5,IR,US
1986-06-01,6.5,IR,US
1986-07-01,6.16,IR,US
1986-08-01,5.82,IR,US
1986-09-01,5.5,IR,US
1986-10-01,5.5,IR,US
1986-11-01,5.5,IR,US
1986-12-01,5.5,IR,US
1987-01-01,5.5,IR,US
1987-02-01,5.5,IR,US
1987-03-01,5.5,IR,US
1987-04-01,5.5,IR,US
1987-05-01,5.5,IR,US
1987-06-01,5.5,IR,US
1987-07-01,5.5,IR,US
1987-08-01,5.5,IR,US
1987-09-01,5.95,IR,US
1987-10-01,6,IR,US
1987-11-01,6,IR,US
1987-12-01,6,IR,US
1988-01-01,6,IR,US
1988-02-01,6,IR,US
1988-03-01,6,IR,US
1988-04-01,6,IR,US
1988-05-01,6,IR,US
1988-06-01,6,IR,US
1988-07-01,6,IR,US
1988-08-01,6.37,IR,US
1988-09-01,6.5,IR,US
1988-10-01,6.5,IR,US
1988-11-01,6.5,IR,US
1988-12-01,6.5,IR,US
1989-01-01,6.5,IR,US
1989-02-01,6.59,IR,US
1989-03-01,7,IR,US
1989-04-01,7,IR,US
1989-05-01,7,IR,US
1989-06-01,7,IR,US
1989-07-01,7,IR,US
1989-08-01,7,IR,US
1989-09-01,7,IR,US
1989-10-01,7,IR,US
1989-11-01,7,IR,US
1989-12-01,7,IR,US
1990-01-01,7,IR,US
1990-02-01,7,IR,US
1990-03-01,7,IR,US
1990-04-01,7,IR,US
1990-05-01,7,IR,US
1990-06-01,7,IR,US
1990-07-01,7,IR,US
1990-08-01,7,IR,US
1990-09-01,7,IR,US
1990-10-01,7,IR,US
1990-11-01,7,IR,US
1990-12-01,6.79,IR,US
1991-01-01,6.5,IR,US
1991-02-01,6,IR,US
1991-03-01,6,IR,US
1991-04-01,5.98,IR,US
1991-05-01,5.5,IR,US
1991-06-01,5.5,IR,US
1991-07-01,5.5,IR,US
1991-08-01,5.5,IR,US
1991-09-01,5.2,IR,US
1991-10-01,5,IR,US
1991-11-01,4.58,IR,US
1991-12-01,4.11,IR,US
1992-01-01,3.5,IR,US
1992-02-01,3.5,IR,US
1992-03-01,3.5,IR,US
1992-04-01,3.5,IR,US
1992-05-01,3.5,IR,US
1992-06-01,3.5,IR,US
1992-07-01,3.02,IR,US
1992-08-01,3,IR,US
1992-09-01,3,IR,US
1992-10-01,3,IR,US
1992-11-01,3,IR,US
1992-12-01,3,IR,US
1993-01-01,3,IR,US
1993-02-01,3,IR,US
1993-03-01,3,IR,US
1993-04-01,3,IR,US
1993-05-01,3,IR,US
1993-06-01,3,IR,US
1993-07-01,3,IR,US
1993-08-01,3,IR,US
1993-09-01,3,IR,US
1993-10-01,3,IR,US
1993-11-01,3,IR,US
1993-12-01,3,IR,US
1994-01-01,3,IR,US
1994-02-01,3,IR,US
1994-03-01,3,IR,US
1994-04-01,3,IR,US
1994-05-01,3.24,IR,US
1994-06-01,3.5,IR,US
1994-07-01,3.5,IR,US
1994-08-01,3.76,IR,US
1994-09-01,4,IR,US
1994-10-01,4,IR,US
1994-11-01,4.4,IR,US
1994-12-01,4.75,IR,US
1995-01-01,4.75,IR,US
1995-02-01,5.25,IR,US
1995-03-01,5.25,IR,US
1995-04-01,5.25,IR,US
1995-05-01,5.25,IR,US
1995-06-01,5.25,IR,US
1995-07-01,5.25,IR,US
1995-08-01,5.25,IR,US
1995-09-01,5.25,IR,US
1995-10-01,5.25,IR,US
1995-11-01,5.25,IR,US
1995-12-01,5.25,IR,US
1996-01-01,5.24,IR,US
1996-02-01,5,IR,US
1996-03-01,5,IR,US
1996-04-01,5,IR,US
1996-05-01,5,IR,US
1996-06-01,5,IR,US
1996-07-01,5,IR,US
1996-08-01,5,IR,US
1996-09-01,5,IR,US
1996-10-01,5,IR,US
1996-11-01,5,IR,US
1996-12-01,5,IR,US
1997-01-01,5,IR,US
1997-02-01,5,IR,US
1997-03-01,5,IR,US
1997-04-01,5,IR,US
1997-05-01,5,IR,US
1997-06-01,5,IR,US
1997-07-01,5,IR,US
1997-08-01,5,IR,US
1997-09-01,5,IR,US
1997-10-01,5,IR,US
1997-11-01,5,IR,US
1997-12-01,5,IR,US
1998-01-01,5,IR,US
1998-02-01,5,IR,US
1998-03-01,5,IR,US
1998-04-01,5,IR,US
1998-05-01,5,IR,US
1998-06-01,5,IR,US
1998-07-01,5,IR,US
1998-08-01,5,IR,US
1998-09-01,5,IR,US
1998-10-01,4.86,IR,US
1998-11-01,4.63,IR,US
1998-12-01,4.5,IR,US
1999-01-01,4.5,IR,US
1999-02-01,4.5,IR,US
1999-03-01,4.5,IR,US
1999-04-01,4.5,IR,US
1999-05-01,4.5,IR,US
1999-06-01,4.5,IR,US
1999-07-01,4.5,IR,US
1999-08-01,4.56,IR,US
1999-09-01,4.75,IR,US
1999-10-01,4.75,IR,US
1999-11-01,4.86,IR,US
1999-12-01,5,IR,US
2000-01-01,5,IR,US
2000-02-01,5.24,IR,US
2000-03-01,5.34,IR,US
2000-04-01,5.5,IR,US
2000-05-01,5.71,IR,US
2000-06-01,6,IR,US
2000-07-01,6,IR,US
2000-08-01,6,IR,US
2000-09-01,6,IR,US
2000-10-01,6,IR,US
2000-11-01,6,IR,US
2000-12-01,6,IR,US
2001-01-01,5.52,IR,US
2001-02-01,5,IR,US
2001-03-01,4.81,IR,US
2001-04-01,4.28,IR,US
2001-05-01,3.73,IR,US
2001-06-01,3.47,IR,US
2001-07-01,3.25,IR,US
2001-08-01,3.16,IR,US
2001-09-01,2.77,IR,US
2001-10-01,2.02,IR,US
2001-11-01,1.58,IR,US
2001-12-01,1.33,IR,US
2002-01-01,1.25,IR,US
2002-02-01,1.25,IR,US
2002-03-01,1.25,IR,US
2002-04-01,1.25,IR,US
2002-05-01,1.25,IR,US
2002-06-01,1.25,IR,US
2002-07-01,1.25,IR,US
2002-08-01,1.25,IR,US
2002-09-01,1.25,IR,US
2002-10-01,1.25,IR,US
2002-11-01,0.83,IR,US
2002-12-01,0.75,IR,US
2003-01-01,2.25,IR,US
2003-02-01,2.25,IR,US
2003-03-01,2.25,IR,US
2003-04-01,2.25,IR,US
2003-05-01,2.25,IR,US
2003-06-01,2,IR,US
2003-07-01,2,IR,US
2003-08-01,2,IR,US
2003-09-01,2,IR,US
2003-10-01,2,IR,US
2003-11-01,2,IR,US
2003-12-01,2,IR,US
2004-01-01,2,IR,US
2004-02-01,2,IR,US
2004-03-01,2,IR,US
2004-04-01,2,IR,US
2004-05-01,2,IR,US
2004-06-01,2.25,IR,US
2004-07-01,2.25,IR,US
2004-08-01,2.5,IR,US
2004-09-01,2.75,IR,US
2004-10-01,2.75,IR,US
2004-11-01,3,IR,US
2004-12-01,3.25,IR,US
2005-01-01,3.25,IR,US
2005-02-01,3.5,IR,US
2005-03-01,3.75,IR,US
2005-04-01,3.75,IR,US
2005-05-01,4,IR,US
2005-06-01,4.25,IR,US
2005-07-01,4.25,IR,US
2005-08-01,4.5,IR,US
2005-09-01,4.75,IR,US
2005-10-01,4.75,IR,US
2005-11-01,5,IR,US
2005-12-01,5.25,IR,US
2006-01-01,5.5,IR,US
2006-02-01,5.5,IR,US
2006-03-01,5.75,IR,US
2006-04-01,5.75,IR,US
2006-05-01,6,IR,US
2006-06-01,6.25,IR,US
2006-07-01,6.25,IR,US
2006-08-01,6.25,IR,US
2006-09-01,6.25,IR,US
2006-10-01,6.25,IR,US
2006-11-01,6.25,IR,US
2006-12-01,6.25,IR,US
2007-01-01,6.25,IR,US
2007-02-01,6.25,IR,US
2007-03-01,6.25,IR,US
2007-04-01,6.25,IR,US
2007-05-01,6.25,IR,US
2007-06-01,6.25,IR,US
2007-07-01,6.25,IR,US
2007-08-01,5.75,IR,US
2007-09-01,5.25,IR,US
2007-10-01,5,IR,US
2007-11-01,5,IR,US
2007-12-01,4.75,IR,US
2008-01-01,3.5,IR,US
2008-02-01,3.5,IR,US
2008-03-01,2.5,IR,US
2008-04-01,2.25,IR,US
2008-05-01,2.25,IR,US
2008-06-01,2.25,IR,US
2008-07-01,2.25,IR,US
2008-08-01,2.25,IR,US
2008-09-01,2.25,IR,US
2008-10-01,1.25,IR,US
2008-11-01,1.25,IR,US
2008-12-01,0.5,IR,US
2009-01-01,0.5,IR,US
2009-02-01,0.5,IR,US
2009-03-01,0.5,IR,US
2009-04-01,0.5,IR,US
2009-05-01,0.5,IR,US
2009-06-01,0.5,IR,US
2009-07-01,0.5,IR,US
2009-08-01,0.5,IR,US
2009-09-01,0.5,IR,US
2009-10-01,0.5,IR,US
2009-11-01,0.5,IR,US
2009-12-01,0.5,IR,US
2010-01-01,0.5,IR,US
2010-02-01,0.75,IR,US
2010-03-01,0.75,IR,US
2010-04-01,0.75,IR,US
2010-05-01,0.75,IR,US
2010-06-01,0.75,IR,US
2010-07-01,0.75,IR,US
2010-08-01,0.75,IR,US
2010-09-01,0.75,IR,US
2010-10-01,0.75,IR,US
2010-11-01,0.75,IR,US
2010-12-01,0.75,IR,US
2011-01-01,0.75,IR,US
2011-02-01,0.75,IR,US
2011-03-01,0.75,IR,US
2011-04-01,0.75,IR,US
2011-05-01,0.75,IR,US
2011-06-01,0.75,IR,US
2011-07-01,0.75,IR,US
2011-08-01,0.75,IR,US
2011-09-01,0.75,IR,US
2011-10-01,0.75,IR,US
2011-11-01,0.75,IR,US
2011-12-01,0.75,IR,US
2012-01-01,0.75,IR,US
2012-02-01,0.75,IR,US
2012-03-01,0.75,IR,US
2012-04-01,0.75,IR,US
2012-05-01,0.75,IR,US
2012-06-01,0.75,IR,US
2012-07-01,0.75,IR,US
2012-08-01,0.75,IR,US
2012-09-01,0.75,IR,US
2012-10-01,0.75,IR,US
2012-11-01,0.75,IR,US
2012-12-01,0.75,IR,US
2013-01-01,0.75,IR,US
2013-02-01,0.75,IR,US
2013-03-01,0.75,IR,US
2013-04-01,0.75,IR,US
2013-05-01,0.75,IR,US
2013-06-01,0.75,IR,US
2013-07-01,0.75,IR,US
2013-08-01,0.75,IR,US
2013-09-01,0.75,IR,US
2013-10-01,0.75,IR,US
2013-11-01,0.75,IR,US
2013-12-01,0.75,IR,US
2014-01-01,0.75,IR,US
2014-02-01,0.75,IR,US
2014-03-01,0.75,IR,US
2014-04-01,0.75,IR,US
2014-05-01,0.75,IR,US
2014-06-01,0.75,IR,US
2014-07-01,0.75,IR,US
2014-08-01,0.75,IR,US
2014-09-01,0.75,IR,US
2014-10-01,0.75,IR,US
2014-11-01,0.75,IR,US
2014-12-01,0.75,IR,US
2015-01-01,0.75,IR,US
2015-02-01,0.75,IR,US
2015-03-01,0.75,IR,US
2015-04-01,0.75,IR,US
2015-05-01,0.75,IR,US
2015-06-01,0.75,IR,US
2015-07-01,0.75,IR,US
2015-08-01,0.75,IR,US
2015-09-01,0.75,IR,US
2015-10-01,0.75,IR,US
2015-11-01,0.75,IR,US
2015-12-01,1,IR,US
2016-01-01,1,IR,US
2016-02-01,1,IR,US
2016-03-01,1,IR,US
2016-04-01,1,IR,US
2016-05-01,1,IR,US
2016-06-01,1,IR,US
2016-07-01,1,IR,US
2016-08-01,1,IR,US
2016-09-01,1,IR,US
2016-10-01,1,IR,US
2016-11-01,1,IR,US
2016-12-01,1.25,IR,US
2017-01-01,1.25,IR,US
2017-02-01,1.25,IR,US
2017-03-01,1.5,IR,US
2017-04-01,1.5,IR,US
2017-05-01,1.5,IR,US
2017-06-01,1.75,IR,US
2017-07-01,1.75,IR,US
2017-08-01,1.75,IR,US
2017-09-01,1.75,IR,US
2017-10-01,1.75,IR,US
2017-11-01,1.75,IR,US
2017-12-01,2,IR,US
2018-01-01,2,IR,US
2018-02-01,2,IR,US
2018-03-01,2.25,IR,US
2018-04-01,2.25,IR,US
2018-05-01,2.25,IR,US
2018-06-01,2.5,IR,US
2018-07-01,2.5,IR,US
2018-08-01,2.5,IR,US
2018-09-01,2.75,IR,US
2018-10-01,2.75,IR,US
2018-11-01,2.75,IR,US
2018-12-01,3,IR,US
2019-01-01,3,IR,US
2019-02-01,3,IR,US
2019-03-01,3,IR,US
2019-04-01,3,IR,US
2019-05-01,3,IR,US
2019-06-01,3,IR,US
2019-07-01,3,IR,US
2019-08-01,2.75,IR,US
2019-09-01,2.5,IR,US
2019-10-01,2.25,IR,US
2019-11-01,2.25,IR,US
2019-12-01,2.25,IR,US
2020-01-01,2.25,IR,US
2020-02-01,2.25,IR,US
2020-03-01,0.25,IR,US
2020-04-01,0.25,IR,US
2020-05-01,0.25,IR,US
2020-06-01,0.25,IR,US
2020-07-01,0.25,IR,US
2020-08-01,0.25,IR,US
2020-09-01,0.25,IR,US
2020-10-01,0.25,IR,US
2020-11-01,0.25,IR,US
2020-12-01,0.25,IR,US
2021-01-01,0.25,IR,US
2021-02-01,0.25,IR,US
2021-03-01,0.25,IR,US
1948-01-01,3.4,UE,US
1948-02-01,3.8,UE,US
1948-03-01,4,UE,US
1948-04-01,3.9,UE,US
1948-05-01,3.5,UE,US
1948-06-01,3.6,UE,US
1948-07-01,3.6,UE,US
1948-08-01,3.9,UE,US
1948-09-01,3.8,UE,US
1948-10-01,3.7,UE,US
1948-11-01,3.8,UE,US
1948-12-01,4,UE,US
1949-01-01,4.3,UE,US
1949-02-01,4.7,UE,US
1949-03-01,5,UE,US
1949-04-01,5.3,UE,US
1949-05-01,6.1,UE,US
1949-06-01,6.2,UE,US
1949-07-01,6.7,UE,US
1949-08-01,6.8,UE,US
1949-09-01,6.6,UE,US
1949-10-01,7.9,UE,US
1949-11-01,6.4,UE,US
1949-12-01,6.6,UE,US
1950-01-01,6.5,UE,US
1950-02-01,6.4,UE,US
1950-03-01,6.3,UE,US
1950-04-01,5.8,UE,US
1950-05-01,5.5,UE,US
1950-06-01,5.4,UE,US
1950-07-01,5,UE,US
1950-08-01,4.5,UE,US
1950-09-01,4.4,UE,US
1950-10-01,4.2,UE,US
1950-11-01,4.2,UE,US
1950-12-01,4.3,UE,US
1951-01-01,3.7,UE,US
1951-02-01,3.4,UE,US
1951-03-01,3.4,UE,US
1951-04-01,3.1,UE,US
1951-05-01,3,UE,US
1951-06-01,3.2,UE,US
1951-07-01,3.1,UE,US
1951-08-01,3.1,UE,US
1951-09-01,3.3,UE,US
1951-10-01,3.5,UE,US
1951-11-01,3.5,UE,US
1951-12-01,3.1,UE,US
1952-01-01,3.2,UE,US
1952-02-01,3.1,UE,US
1952-03-01,2.9,UE,US
1952-04-01,2.9,UE,US
1952-05-01,3,UE,US
1952-06-01,3,UE,US
1952-07-01,3.2,UE,US
1952-08-01,3.4,UE,US
1952-09-01,3.1,UE,US
1952-10-01,3,UE,US
1952-11-01,2.8,UE,US
1952-12-01,2.7,UE,US
1953-01-01,2.9,UE,US
1953-02-01,2.6,UE,US
1953-03-01,2.6,UE,US
1953-04-01,2.7,UE,US
1953-05-01,2.5,UE,US
1953-06-01,2.5,UE,US
1953-07-01,2.6,UE,US
1953-08-01,2.7,UE,US
1953-09-01,2.9,UE,US
1953-10-01,3.1,UE,US
1953-11-01,3.5,UE,US
1953-12-01,4.5,UE,US
1954-01-01,4.9,UE,US
1954-02-01,5.2,UE,US
1954-03-01,5.7,UE,US
1954-04-01,5.9,UE,US
1954-05-01,5.9,UE,US
1954-06-01,5.6,UE,US
1954-07-01,5.8,UE,US
1954-08-01,6,UE,US
1954-09-01,6.1,UE,US
1954-10-01,5.7,UE,US
1954-11-01,5.3,UE,US
1954-12-01,5,UE,US
1955-01-01,4.9,UE,US
1955-02-01,4.7,UE,US
1955-03-01,4.6,UE,US
1955-04-01,4.7,UE,US
1955-05-01,4.3,UE,US
1955-06-01,4.2,UE,US
1955-07-01,4,UE,US
1955-08-01,4.2,UE,US
1955-09-01,4.1,UE,US
1955-10-01,4.3,UE,US
1955-11-01,4.2,UE,US
1955-12-01,4.2,UE,US
1956-01-01,4,UE,US
1956-02-01,3.9,UE,US
1956-03-01,4.2,UE,US
1956-04-01,4,UE,US
1956-05-01,4.3,UE,US
1956-06-01,4.3,UE,US
1956-07-01,4.4,UE,US
1956-08-01,4.1,UE,US
1956-09-01,3.9,UE,US
1956-10-01,3.9,UE,US
1956-11-01,4.3,UE,US
1956-12-01,4.2,UE,US
1957-01-01,4.2,UE,US
1957-02-01,3.9,UE,US
1957-03-01,3.7,UE,US
1957-04-01,3.9,UE,US
1957-05-01,4.1,UE,US
1957-06-01,4.3,UE,US
1957-07-01,4.2,UE,US
1957-08-01,4.1,UE,US
1957-09-01,4.4,UE,US
1957-10-01,4.5,UE,US
1957-11-01,5.1,UE,US
1957-12-01,5.2,UE,US
1958-01-01,5.8,UE,US
1958-02-01,6.4,UE,US
1958-03-01,6.7,UE,US
1958-04-01,7.4,UE,US
1958-05-01,7.4,UE,US
1958-06-01,7.3,UE,US
1958-07-01,7.5,UE,US
1958-08-01,7.4,UE,US
1958-09-01,7.1,UE,US
1958-10-01,6.7,UE,US
1958-11-01,6.2,UE,US
1958-12-01,6.2,UE,US
1959-01-01,6,UE,US
1959-02-01,5.9,UE,US
1959-03-01,5.6,UE,US
1959-04-01,5.2,UE,US
1959-05-01,5.1,UE,US
1959-06-01,5,UE,US
1959-07-01,5.1,UE,US
1959-08-01,5.2,UE,US
1959-09-01,5.5,UE,US
1959-10-01,5.7,UE,US
1959-11-01,5.8,UE,US
1959-12-01,5.3,UE,US
1960-01-01,5.2,UE,US
1960-02-01,4.8,UE,US
1960-03-01,5.4,UE,US
1960-04-01,5.2,UE,US
1960-05-01,5.1,UE,US
1960-06-01,5.4,UE,US
1960-07-01,5.5,UE,US
1960-08-01,5.6,UE,US
1960-09-01,5.5,UE,US
1960-10-01,6.1,UE,US
1960-11-01,6.1,UE,US
1960-12-01,6.6,UE,US
1961-01-01,6.6,UE,US
1961-02-01,6.9,UE,US
1961-03-01,6.9,UE,US
1961-04-01,7,UE,US
1961-05-01,7.1,UE,US
1961-06-01,6.9,UE,US
1961-07-01,7,UE,US
1961-08-01,6.6,UE,US
1961-09-01,6.7,UE,US
1961-10-01,6.5,UE,US
1961-11-01,6.1,UE,US
1961-12-01,6,UE,US
1962-01-01,5.8,UE,US
1962-02-01,5.5,UE,US
1962-03-01,5.6,UE,US
1962-04-01,5.6,UE,US
1962-05-01,5.5,UE,US
1962-06-01,5.5,UE,US
1962-07-01,5.4,UE,US
1962-08-01,5.7,UE,US
1962-09-01,5.6,UE,US
1962-10-01,5.4,UE,US
1962-11-01,5.7,UE,US
1962-12-01,5.5,UE,US
1963-01-01,5.7,UE,US
1963-02-01,5.9,UE,US
1963-03-01,5.7,UE,US
1963-04-01,5.7,UE,US
1963-05-01,5.9,UE,US
1963-06-01,5.6,UE,US
1963-07-01,5.6,UE,US
1963-08-01,5.4,UE,US
1963-09-01,5.5,UE,US
1963-10-01,5.5,UE,US
1963-11-01,5.7,UE,US
1963-12-01,5.5,UE,US
1964-01-01,5.6,UE,US
1964-02-01,5.4,UE,US
1964-03-01,5.4,UE,US
1964-04-01,5.3,UE,US
1964-05-01,5.1,UE,US
1964-06-01,5.2,UE,US
1964-07-01,4.9,UE,US
1964-08-01,5,UE,US
1964-09-01,5.1,UE,US
1964-10-01,5.1,UE,US
1964-11-01,4.8,UE,US
1964-12-01,5,UE,US
1965-01-01,4.9,UE,US
1965-02-01,5.1,UE,US
1965-03-01,4.7,UE,US
1965-04-01,4.8,UE,US
1965-05-01,4.6,UE,US
1965-06-01,4.6,UE,US
1965-07-01,4.4,UE,US
1965-08-01,4.4,UE,US
1965-09-01,4.3,UE,US
1965-10-01,4.2,UE,US
1965-11-01,4.1,UE,US
1965-12-01,4,UE,US
1966-01-01,4,UE,US
1966-02-01,3.8,UE,US
1966-03-01,3.8,UE,US
1966-04-01,3.8,UE,US
1966-05-01,3.9,UE,US
1966-06-01,3.8,UE,US
1966-07-01,3.8,UE,US
1966-08-01,3.8,UE,US
1966-09-01,3.7,UE,US
1966-10-01,3.7,UE,US
1966-11-01,3.6,UE,US
1966-12-01,3.8,UE,US
1967-01-01,3.9,UE,US
1967-02-01,3.8,UE,US
1967-03-01,3.8,UE,US
1967-04-01,3.8,UE,US
1967-05-01,3.8,UE,US
1967-06-01,3.9,UE,US
1967-07-01,3.8,UE,US
1967-08-01,3.8,UE,US
1967-09-01,3.8,UE,US
1967-10-01,4,UE,US
1967-11-01,3.9,UE,US
1967-12-01,3.8,UE,US
1968-01-01,3.7,UE,US
1968-02-01,3.8,UE,US
1968-03-01,3.7,UE,US
1968-04-01,3.5,UE,US
1968-05-01,3.5,UE,US
1968-06-01,3.7,UE,US
1968-07-01,3.7,UE,US
1968-08-01,3.5,UE,US
1968-09-01,3.4,UE,US
1968-10-01,3.4,UE,US
1968-11-01,3.4,UE,US
1968-12-01,3.4,UE,US
1969-01-01,3.4,UE,US
1969-02-01,3.4,UE,US
1969-03-01,3.4,UE,US
1969-04-01,3.4,UE,US
1969-05-01,3.4,UE,US
1969-06-01,3.5,UE,US
1969-07-01,3.5,UE,US
1969-08-01,3.5,UE,US
1969-09-01,3.7,UE,US
1969-10-01,3.7,UE,US
1969-11-01,3.5,UE,US
1969-12-01,3.5,UE,US
1970-01-01,3.9,UE,US
1970-02-01,4.2,UE,US
1970-03-01,4.4,UE,US
1970-04-01,4.6,UE,US
1970-05-01,4.8,UE,US
1970-06-01,4.9,UE,US
1970-07-01,5,UE,US
1970-08-01,5.1,UE,US
1970-09-01,5.4,UE,US
1970-10-01,5.5,UE,US
1970-11-01,5.9,UE,US
1970-12-01,6.1,UE,US
1971-01-01,5.9,UE,US
1971-02-01,5.9,UE,US
1971-03-01,6,UE,US
1971-04-01,5.9,UE,US
1971-05-01,5.9,UE,US
1971-06-01,5.9,UE,US
1971-07-01,6,UE,US
1971-08-01,6.1,UE,US
1971-09-01,6,UE,US
1971-10-01,5.8,UE,US
1971-11-01,6,UE,US
1971-12-01,6,UE,US
1972-01-01,5.8,UE,US
1972-02-01,5.7,UE,US
1972-03-01,5.8,UE,US
1972-04-01,5.7,UE,US
1972-05-01,5.7,UE,US
1972-06-01,5.7,UE,US
1972-07-01,5.6,UE,US
1972-08-01,5.6,UE,US
1972-09-01,5.5,UE,US
1972-10-01,5.6,UE,US
1972-11-01,5.3,UE,US
1972-12-01,5.2,UE,US
1973-01-01,4.9,UE,US
1973-02-01,5,UE,US
1973-03-01,4.9,UE,US
1973-04-01,5,UE,US
1973-05-01,4.9,UE,US
1973-06-01,4.9,UE,US
1973-07-01,4.8,UE,US
1973-08-01,4.8,UE,US
1973-09-01,4.8,UE,US
1973-10-01,4.6,UE,US
1973-11-01,4.8,UE,US
1973-12-01,4.9,UE,US
1974-01-01,5.1,UE,US
1974-02-01,5.2,UE,US
1974-03-01,5.1,UE,US
1974-04-01,5.1,UE,US
1974-05-01,5.1,UE,US
1974-06-01,5.4,UE,US
1974-07-01,5.5,UE,US
1974-08-01,5.5,UE,US
1974-09-01,5.9,UE,US
1974-10-01,6,UE,US
1974-11-01,6.6,UE,US
1974-12-01,7.2,UE,US
1975-01-01,8.1,UE,US
1975-02-01,8.1,UE,US
1975-03-01,8.6,UE,US
1975-04-01,8.8,UE,US
1975-05-01,9,UE,US
1975-06-01,8.8,UE,US
1975-07-01,8.6,UE,US
1975-08-01,8.4,UE,US
1975-09-01,8.4,UE,US
1975-10-01,8.4,UE,US
1975-11-01,8.3,UE,US
1975-12-01,8.2,UE,US
1976-01-01,7.9,UE,US
1976-02-01,7.7,UE,US
1976-03-01,7.6,UE,US
1976-04-01,7.7,UE,US
1976-05-01,7.4,UE,US
1976-06-01,7.6,UE,US
1976-07-01,7.8,UE,US
1976-08-01,7.8,UE,US
1976-09-01,7.6,UE,US
1976-10-01,7.7,UE,US
1976-11-01,7.8,UE,US
1976-12-01,7.8,UE,US
1977-01-01,7.5,UE,US
1977-02-01,7.6,UE,US
1977-03-01,7.4,UE,US
1977-04-01,7.2,UE,US
1977-05-01,7,UE,US
1977-06-01,7.2,UE,US
1977-07-01,6.9,UE,US
1977-08-01,7,UE,US
1977-09-01,6.8,UE,US
1977-10-01,6.8,UE,US
1977-11-01,6.8,UE,US
1977-12-01,6.4,UE,US
1978-01-01,6.4,UE,US
1978-02-01,6.3,UE,US
1978-03-01,6.3,UE,US
1978-04-01,6.1,UE,US
1978-05-01,6,UE,US
1978-06-01,5.9,UE,US
1978-07-01,6.2,UE,US
1978-08-01,5.9,UE,US
1978-09-01,6,UE,US
1978-10-01,5.8,UE,US
1978-11-01,5.9,UE,US
1978-12-01,6,UE,US
1979-01-01,5.9,UE,US
1979-02-01,5.9,UE,US
1979-03-01,5.8,UE,US
1979-04-01,5.8,UE,US
1979-05-01,5.6,UE,US
1979-06-01,5.7,UE,US
1979-07-01,5.7,UE,US
1979-08-01,6,UE,US
1979-09-01,5.9,UE,US
1979-10-01,6,UE,US
1979-11-01,5.9,UE,US
1979-12-01,6,UE,US
1980-01-01,6.3,UE,US
1980-02-01,6.3,UE,US
1980-03-01,6.3,UE,US
1980-04-01,6.9,UE,US
1980-05-01,7.5,UE,US
1980-06-01,7.6,UE,US
1980-07-01,7.8,UE,US
1980-08-01,7.7,UE,US
1980-09-01,7.5,UE,US
1980-10-01,7.5,UE,US
1980-11-01,7.5,UE,US
1980-12-01,7.2,UE,US
1981-01-01,7.5,UE,US
1981-02-01,7.4,UE,US
1981-03-01,7.4,UE,US
1981-04-01,7.2,UE,US
1981-05-01,7.5,UE,US
1981-06-01,7.5,UE,US
1981-07-01,7.2,UE,US
1981-08-01,7.4,UE,US
1981-09-01,7.6,UE,US
1981-10-01,7.9,UE,US
1981-11-01,8.3,UE,US
1981-12-01,8.5,UE,US
1982-01-01,8.6,UE,US
1982-02-01,8.9,UE,US
1982-03-01,9,UE,US
1982-04-01,9.3,UE,US
1982-05-01,9.4,UE,US
1982-06-01,9.6,UE,US
1982-07-01,9.8,UE,US
1982-08-01,9.8,UE,US
1982-09-01,10.1,UE,US
1982-10-01,10.4,UE,US
1982-11-01,10.8,UE,US
1982-12-01,10.8,UE,US
1983-01-01,10.4,UE,US
1983-02-01,10.4,UE,US
1983-03-01,10.3,UE,US
1983-04-01,10.2,UE,US
1983-05-01,10.1,UE,US
1983-06-01,10.1,UE,US
1983-07-01,9.4,UE,US
1983-08-01,9.5,UE,US
1983-09-01,9.2,UE,US
1983-10-01,8.8,UE,US
1983-11-01,8.5,UE,US
1983-12-01,8.3,UE,US
1984-01-01,8,UE,US
1984-02-01,7.8,UE,US
1984-03-01,7.8,UE,US
1984-04-01,7.7,UE,US
1984-05-01,7.4,UE,US
1984-06-01,7.2,UE,US
1984-07-01,7.5,UE,US
1984-08-01,7.5,UE,US
1984-09-01,7.3,UE,US
1984-10-01,7.4,UE,US
1984-11-01,7.2,UE,US
1984-12-01,7.3,UE,US
1985-01-01,7.3,UE,US
1985-02-01,7.2,UE,US
1985-03-01,7.2,UE,US
1985-04-01,7.3,UE,US
1985-05-01,7.2,UE,US
1985-06-01,7.4,UE,US
1985-07-01,7.4,UE,US
1985-08-01,7.1,UE,US
1985-09-01,7.1,UE,US
1985-10-01,7.1,UE,US
1985-11-01,7,UE,US
1985-12-01,7,UE,US
1986-01-01,6.7,UE,US
1986-02-01,7.2,UE,US
1986-03-01,7.2,UE,US
1986-04-01,7.1,UE,US
1986-05-01,7.2,UE,US
1986-06-01,7.2,UE,US
1986-07-01,7,UE,US
1986-08-01,6.9,UE,US
1986-09-01,7,UE,US
1986-10-01,7,UE,US
1986-11-01,6.9,UE,US
1986-12-01,6.6,UE,US
1987-01-01,6.6,UE,US
1987-02-01,6.6,UE,US
1987-03-01,6.6,UE,US
1987-04-01,6.3,UE,US
1987-05-01,6.3,UE,US
1987-06-01,6.2,UE,US
1987-07-01,6.1,UE,US
1987-08-01,6,UE,US
1987-09-01,5.9,UE,US
1987-10-01,6,UE,US
1987-11-01,5.8,UE,US
1987-12-01,5.7,UE,US
1988-01-01,5.7,UE,US
1988-02-01,5.7,UE,US
1988-03-01,5.7,UE,US
1988-04-01,5.4,UE,US
1988-05-01,5.6,UE,US
1988-06-01,5.4,UE,US
1988-07-01,5.4,UE,US
1988-08-01,5.6,UE,US
1988-09-01,5.4,UE,US
1988-10-01,5.4,UE,US
1988-11-01,5.3,UE,US
1988-12-01,5.3,UE,US
1989-01-01,5.4,UE,US
1989-02-01,5.2,UE,US
1989-03-01,5,UE,US
1989-04-01,5.2,UE,US
1989-05-01,5.2,UE,US
1989-06-01,5.3,UE,US
1989-07-01,5.2,UE,US
1989-08-01,5.2,UE,US
1989-09-01,5.3,UE,US
1989-10-01,5.3,UE,US
1989-11-01,5.4,UE,US
1989-12-01,5.4,UE,US
1990-01-01,5.4,UE,US
1990-02-01,5.3,UE,US
1990-03-01,5.2,UE,US
1990-04-01,5.4,UE,US
1990-05-01,5.4,UE,US
1990-06-01,5.2,UE,US
1990-07-01,5.5,UE,US
1990-08-01,5.7,UE,US
1990-09-01,5.9,UE,US
1990-10-01,5.9,UE,US
1990-11-01,6.2,UE,US
1990-12-01,6.3,UE,US
1991-01-01,6.4,UE,US
1991-02-01,6.6,UE,US
1991-03-01,6.8,UE,US
1991-04-01,6.7,UE,US
1991-05-01,6.9,UE,US
1991-06-01,6.9,UE,US
1991-07-01,6.8,UE,US
1991-08-01,6.9,UE,US
1991-09-01,6.9,UE,US
1991-10-01,7,UE,US
1991-11-01,7,UE,US
1991-12-01,7.3,UE,US
1992-01-01,7.3,UE,US
1992-02-01,7.4,UE,US
1992-03-01,7.4,UE,US
1992-04-01,7.4,UE,US
1992-05-01,7.6,UE,US
1992-06-01,7.8,UE,US
1992-07-01,7.7,UE,US
1992-08-01,7.6,UE,US
1992-09-01,7.6,UE,US
1992-10-01,7.3,UE,US
1992-11-01,7.4,UE,US
1992-12-01,7.4,UE,US
1993-01-01,7.3,UE,US
1993-02-01,7.1,UE,US
1993-03-01,7,UE,US
1993-04-01,7.1,UE,US
1993-05-01,7.1,UE,US
1993-06-01,7,UE,US
1993-07-01,6.9,UE,US
1993-08-01,6.8,UE,US
1993-09-01,6.7,UE,US
1993-10-01,6.8,UE,US
1993-11-01,6.6,UE,US
1993-12-01,6.5,UE,US
1994-01-01,6.6,UE,US
1994-02-01,6.6,UE,US
1994-03-01,6.5,UE,US
1994-04-01,6.4,UE,US
1994-05-01,6.1,UE,US
1994-06-01,6.1,UE,US
1994-07-01,6.1,UE,US
1994-08-01,6,UE,US
1994-09-01,5.9,UE,US
1994-10-01,5.8,UE,US
1994-11-01,5.6,UE,US
1994-12-01,5.5,UE,US
1995-01-01,5.6,UE,US
1995-02-01,5.4,UE,US
1995-03-01,5.4,UE,US
1995-04-01,5.8,UE,US
1995-05-01,5.6,UE,US
1995-06-01,5.6,UE,US
1995-07-01,5.7,UE,US
1995-08-01,5.7,UE,US
1995-09-01,5.6,UE,US
1995-10-01,5.5,UE,US
1995-11-01,5.6,UE,US
1995-12-01,5.6,UE,US
1996-01-01,5.6,UE,US
1996-02-01,5.5,UE,US
1996-03-01,5.5,UE,US
1996-04-01,5.6,UE,US
1996-05-01,5.6,UE,US
1996-06-01,5.3,UE,US
1996-07-01,5.5,UE,US
1996-08-01,5.1,UE,US
1996-09-01,5.2,UE,US
1996-10-01,5.2,UE,US
1996-11-01,5.4,UE,US
1996-12-01,5.4,UE,US
1997-01-01,5.3,UE,US
1997-02-01,5.2,UE,US
1997-03-01,5.2,UE,US
1997-04-01,5.1,UE,US
1997-05-01,4.9,UE,US
1997-06-01,5,UE,US
1997-07-01,4.9,UE,US
1997-08-01,4.8,UE,US
1997-09-01,4.9,UE,US
1997-10-01,4.7,UE,US
1997-11-01,4.6,UE,US
1997-12-01,4.7,UE,US
1998-01-01,4.6,UE,US
1998-02-01,4.6,UE,US
1998-03-01,4.7,UE,US
1998-04-01,4.3,UE,US
1998-05-01,4.4,UE,US
1998-06-01,4.5,UE,US
1998-07-01,4.5,UE,US
1998-08-01,4.5,UE,US
1998-09-01,4.6,UE,US
1998-10-01,4.5,UE,US
1998-11-01,4.4,UE,US
1998-12-01,4.4,UE,US
1999-01-01,4.3,UE,US
1999-02-01,4.4,UE,US
1999-03-01,4.2,UE,US
1999-04-01,4.3,UE,US
1999-05-01,4.2,UE,US
1999-06-01,4.3,UE,US
1999-07-01,4.3,UE,US
1999-08-01,4.2,UE,US
1999-09-01,4.2,UE,US
1999-10-01,4.1,UE,US
1999-11-01,4.1,UE,US
1999-12-01,4,UE,US
2000-01-01,4,UE,US
2000-02-01,4.1,UE,US
2000-03-01,4,UE,US
2000-04-01,3.8,UE,US
2000-05-01,4,UE,US
2000-06-01,4,UE,US
2000-07-01,4,UE,US
2000-08-01,4.1,UE,US
2000-09-01,3.9,UE,US
2000-10-01,3.9,UE,US
2000-11-01,3.9,UE,US
2000-12-01,3.9,UE,US
2001-01-01,4.2,UE,US
2001-02-01,4.2,UE,US
2001-03-01,4.3,UE,US
2001-04-01,4.4,UE,US
2001-05-01,4.3,UE,US
2001-06-01,4.5,UE,US
2001-07-01,4.6,UE,US
2001-08-01,4.9,UE,US
2001-09-01,5,UE,US
2001-10-01,5.3,UE,US
2001-11-01,5.5,UE,US
2001-12-01,5.7,UE,US
2002-01-01,5.7,UE,US
2002-02-01,5.7,UE,US
2002-03-01,5.7,UE,US
2002-04-01,5.9,UE,US
2002-05-01,5.8,UE,US
2002-06-01,5.8,UE,US
2002-07-01,5.8,UE,US
2002-08-01,5.7,UE,US
2002-09-01,5.7,UE,US
2002-10-01,5.7,UE,US
2002-11-01,5.9,UE,US
2002-12-01,6,UE,US
2003-01-01,5.8,UE,US
2003-02-01,5.9,UE,US
2003-03-01,5.9,UE,US
2003-04-01,6,UE,US
2003-05-01,6.1,UE,US
2003-06-01,6.3,UE,US
2003-07-01,6.2,UE,US
2003-08-01,6.1,UE,US
2003-09-01,6.1,UE,US
2003-10-01,6,UE,US
2003-11-01,5.8,UE,US
2003-12-01,5.7,UE,US
2004-01-01,5.7,UE,US
2004-02-01,5.6,UE,US
2004-03-01,5.8,UE,US
2004-04-01,5.6,UE,US
2004-05-01,5.6,UE,US
2004-06-01,5.6,UE,US
2004-07-01,5.5,UE,US
2004-08-01,5.4,UE,US
2004-09-01,5.4,UE,US
2004-10-01,5.5,UE,US
2004-11-01,5.4,UE,US
2004-12-01,5.4,UE,US
2005-01-01,5.3,UE,US
2005-02-01,5.4,UE,US
2005-03-01,5.2,UE,US
2005-04-01,5.2,UE,US
2005-05-01,5.1,UE,US
2005-06-01,5,UE,US
2005-07-01,5,UE,US
2005-08-01,4.9,UE,US
2005-09-01,5,UE,US
2005-10-01,5,UE,US
2005-11-01,5,UE,US
2005-12-01,4.9,UE,US
2006-01-01,4.7,UE,US
2006-02-01,4.8,UE,US
2006-03-01,4.7,UE,US
2006-04-01,4.7,UE,US
2006-05-01,4.6,UE,US
2006-06-01,4.6,UE,US
2006-07-01,4.7,UE,US
2006-08-01,4.7,UE,US
2006-09-01,4.5,UE,US
2006-10-01,4.4,UE,US
2006-11-01,4.5,UE,US
2006-12-01,4.4,UE,US
2007-01-01,4.6,UE,US
2007-02-01,4.5,UE,US
2007-03-01,4.4,UE,US
2007-04-01,4.5,UE,US
2007-05-01,4.4,UE,US
2007-06-01,4.6,UE,US
2007-07-01,4.7,UE,US
2007-08-01,4.6,UE,US
2007-09-01,4.7,UE,US
2007-10-01,4.7,UE,US
2007-11-01,4.7,UE,US
2007-12-01,5,UE,US
2008-01-01,5,UE,US
2008-02-01,4.9,UE,US
2008-03-01,5.1,UE,US
2008-04-01,5,UE,US
2008-05-01,5.4,UE,US
2008-06-01,5.6,UE,US
2008-07-01,5.8,UE,US
2008-08-01,6.1,UE,US
2008-09-01,6.1,UE,US
2008-10-01,6.5,UE,US
2008-11-01,6.8,UE,US
2008-12-01,7.3,UE,US
2009-01-01,7.8,UE,US
2009-02-01,8.3,UE,US
2009-03-01,8.7,UE,US
2009-04-01,9,UE,US
2009-05-01,9.4,UE,US
2009-06-01,9.5,UE,US
2009-07-01,9.5,UE,US
2009-08-01,9.6,UE,US
2009-09-01,9.8,UE,US
2009-10-01,10,UE,US
2009-11-01,9.9,UE,US
2009-12-01,9.9,UE,US
2010-01-01,9.8,UE,US
2010-02-01,9.8,UE,US
2010-03-01,9.9,UE,US
2010-04-01,9.9,UE,US
2010-05-01,9.6,UE,US
2010-06-01,9.4,UE,US
2010-07-01,9.4,UE,US
2010-08-01,9.5,UE,US
2010-09-01,9.5,UE,US
2010-10-01,9.4,UE,US
2010-11-01,9.8,UE,US
2010-12-01,9.3,UE,US
2011-01-01,9.1,UE,US
2011-02-01,9,UE,US
2011-03-01,9,UE,US
2011-04-01,9.1,UE,US
2011-05-01,9,UE,US
2011-06-01,9.1,UE,US
2011-07-01,9,UE,US
2011-08-01,9,UE,US
2011-09-01,9,UE,US
2011-10-01,8.8,UE,US
2011-11-01,8.6,UE,US
2011-12-01,8.5,UE,US
2012-01-01,8.3,UE,US
2012-02-01,8.3,UE,US
2012-03-01,8.2,UE,US
2012-04-01,8.2,UE,US
2012-05-01,8.2,UE,US
2012-06-01,8.2,UE,US
2012-07-01,8.2,UE,US
2012-08-01,8.1,UE,US
2012-09-01,7.8,UE,US
2012-10-01,7.8,UE,US
2012-11-01,7.7,UE,US
2012-12-01,7.9,UE,US
2013-01-01,8,UE,US
2013-02-01,7.7,UE,US
2013-03-01,7.5,UE,US
2013-04-01,7.6,UE,US
2013-05-01,7.5,UE,US
2013-06-01,7.5,UE,US
2013-07-01,7.3,UE,US
2013-08-01,7.2,UE,US
2013-09-01,7.2,UE,US
2013-10-01,7.2,UE,US
2013-11-01,6.9,UE,US
2013-12-01,6.7,UE,US
2014-01-01,6.6,UE,US
2014-02-01,6.7,UE,US
2014-03-01,6.7,UE,US
2014-04-01,6.2,UE,US
2014-05-01,6.3,UE,US
2014-06-01,6.1,UE,US
2014-07-01,6.2,UE,US
2014-08-01,6.1,UE,US
2014-09-01,5.9,UE,US
2014-10-01,5.7,UE,US
2014-11-01,5.8,UE,US
2014-12-01,5.6,UE,US
2015-01-01,5.7,UE,US
2015-02-01,5.5,UE,US
2015-03-01,5.4,UE,US
2015-04-01,5.4,UE,US
2015-05-01,5.6,UE,US
2015-06-01,5.3,UE,US
2015-07-01,5.2,UE,US
2015-08-01,5.1,UE,US
2015-09-01,5,UE,US
2015-10-01,5,UE,US
2015-11-01,5.1,UE,US
2015-12-01,5,UE,US
2016-01-01,4.8,UE,US
2016-02-01,4.9,UE,US
2016-03-01,5,UE,US
2016-04-01,5.1,UE,US
2016-05-01,4.8,UE,US
2016-06-01,4.9,UE,US
2016-07-01,4.8,UE,US
2016-08-01,4.9,UE,US
2016-09-01,5,UE,US
2016-10-01,4.9,UE,US
2016-11-01,4.7,UE,US
2016-12-01,4.7,UE,US
2017-01-01,4.7,UE,US
2017-02-01,4.6,UE,US
2017-03-01,4.4,UE,US
2017-04-01,4.5,UE,US
2017-05-01,4.4,UE,US
2017-06-01,4.3,UE,US
2017-07-01,4.3,UE,US
2017-08-01,4.4,UE,US
2017-09-01,4.2,UE,US
2017-10-01,4.1,UE,US
2017-11-01,4.2,UE,US
2017-12-01,4.1,UE,US
2018-01-01,4,UE,US
2018-02-01,4.1,UE,US
2018-03-01,4,UE,US
2018-04-01,4,UE,US
2018-05-01,3.8,UE,US
2018-06-01,4,UE,US
2018-07-01,3.8,UE,US
2018-08-01,3.8,UE,US
2018-09-01,3.7,UE,US
2018-10-01,3.8,UE,US
2018-11-01,3.8,UE,US
2018-12-01,3.9,UE,US
2019-01-01,4,UE,US
2019-02-01,3.8,UE,US
2019-03-01,3.8,UE,US
2019-04-01,3.7,UE,US
2019-05-01,3.7,UE,US
2019-06-01,3.6,UE,US
2019-07-01,3.6,UE,US
2019-08-01,3.7,UE,US
2019-09-01,3.5,UE,US
2019-10-01,3.6,UE,US
2019-11-01,3.6,UE,US
2019-12-01,3.6,UE,US
2020-01-01,3.5,UE,US
2020-02-01,3.5,UE,US
2020-03-01,4.4,UE,US
2020-04-01,14.8,UE,US
2020-05-01,13.3,UE,US
2020-06-01,11.1,UE,US
2020-07-01,10.2,UE,US
2020-08-01,8.4,UE,US
2020-09-01,7.8,UE,US
2020-10-01,6.9,UE,US
2020-11-01,6.7,UE,US
2020-12-01,6.7,UE,US
2021-01-01,6.3,UE,US
2021-02-01,6.2,UE,US
2021-03-01,6,UE,US
1957-01-01,28.5,CPI,US
1957-02-01,28.6,CPI,US
1957-03-01,28.7,CPI,US
1957-04-01,28.8,CPI,US
1957-05-01,28.8,CPI,US
1957-06-01,28.9,CPI,US
1957-07-01,29,CPI,US
1957-08-01,29,CPI,US
1957-09-01,29.1,CPI,US
1957-10-01,29.2,CPI,US
1957-11-01,29.3,CPI,US
1957-12-01,29.3,CPI,US
1958-01-01,29.3,CPI,US
1958-02-01,29.4,CPI,US
1958-03-01,29.5,CPI,US
1958-04-01,29.5,CPI,US
1958-05-01,29.5,CPI,US
1958-06-01,29.6,CPI,US
1958-07-01,29.6,CPI,US
1958-08-01,29.6,CPI,US
1958-09-01,29.7,CPI,US
1958-10-01,29.7,CPI,US
1958-11-01,29.8,CPI,US
1958-12-01,29.9,CPI,US
1959-01-01,29.9,CPI,US
1959-02-01,29.9,CPI,US
1959-03-01,30,CPI,US
1959-04-01,30,CPI,US
1959-05-01,30.1,CPI,US
1959-06-01,30.2,CPI,US
1959-07-01,30.2,CPI,US
1959-08-01,30.2,CPI,US
1959-09-01,30.3,CPI,US
1959-10-01,30.4,CPI,US
1959-11-01,30.4,CPI,US
1959-12-01,30.5,CPI,US
1960-01-01,30.5,CPI,US
1960-02-01,30.6,CPI,US
1960-03-01,30.6,CPI,US
1960-04-01,30.6,CPI,US
1960-05-01,30.6,CPI,US
1960-06-01,30.7,CPI,US
1960-07-01,30.6,CPI,US
1960-08-01,30.6,CPI,US
1960-09-01,30.6,CPI,US
1960-10-01,30.8,CPI,US
1960-11-01,30.8,CPI,US
1960-12-01,30.7,CPI,US
1961-01-01,30.8,CPI,US
1961-02-01,30.8,CPI,US
1961-03-01,30.9,CPI,US
1961-04-01,30.9,CPI,US
1961-05-01,30.9,CPI,US
1961-06-01,31,CPI,US
1961-07-01,31,CPI,US
1961-08-01,31.1,CPI,US
1961-09-01,31.1,CPI,US
1961-10-01,31.1,CPI,US
1961-11-01,31.2,CPI,US
1961-12-01,31.2,CPI,US
1962-01-01,31.2,CPI,US
1962-02-01,31.2,CPI,US
1962-03-01,31.3,CPI,US
1962-04-01,31.3,CPI,US
1962-05-01,31.4,CPI,US
1962-06-01,31.4,CPI,US
1962-07-01,31.4,CPI,US
1962-08-01,31.5,CPI,US
1962-09-01,31.5,CPI,US
1962-10-01,31.5,CPI,US
1962-11-01,31.5,CPI,US
1962-12-01,31.6,CPI,US
1963-01-01,31.5,CPI,US
1963-02-01,31.6,CPI,US
1963-03-01,31.7,CPI,US
1963-04-01,31.7,CPI,US
1963-05-01,31.7,CPI,US
1963-06-01,31.8,CPI,US
1963-07-01,31.8,CPI,US
1963-08-01,31.9,CPI,US
1963-09-01,31.9,CPI,US
1963-10-01,32,CPI,US
1963-11-01,32,CPI,US
1963-12-01,32.1,CPI,US
1964-01-01,32.2,CPI,US
1964-02-01,32.2,CPI,US
1964-03-01,32.2,CPI,US
1964-04-01,32.2,CPI,US
1964-05-01,32.2,CPI,US
1964-06-01,32.3,CPI,US
1964-07-01,32.3,CPI,US
1964-08-01,32.3,CPI,US
1964-09-01,32.3,CPI,US
1964-10-01,32.4,CPI,US
1964-11-01,32.5,CPI,US
1964-12-01,32.5,CPI,US
1965-01-01,32.6,CPI,US
1965-02-01,32.6,CPI,US
1965-03-01,32.6,CPI,US
1965-04-01,32.7,CPI,US
1965-05-01,32.7,CPI,US
1965-06-01,32.7,CPI,US
1965-07-01,32.7,CPI,US
1965-08-01,32.7,CPI,US
1965-09-01,32.8,CPI,US
1965-10-01,32.8,CPI,US
1965-11-01,32.9,CPI,US
1965-12-01,33,CPI,US
1966-01-01,33,CPI,US
1966-02-01,33.1,CPI,US
1966-03-01,33.1,CPI,US
1966-04-01,33.3,CPI,US
1966-05-01,33.4,CPI,US
1966-06-01,33.5,CPI,US
1966-07-01,33.6,CPI,US
1966-08-01,33.7,CPI,US
1966-09-01,33.8,CPI,US
1966-10-01,34,CPI,US
1966-11-01,34,CPI,US
1966-12-01,34.1,CPI,US
1967-01-01,34.2,CPI,US
1967-02-01,34.2,CPI,US
1967-03-01,34.3,CPI,US
1967-04-01,34.4,CPI,US
1967-05-01,34.5,CPI,US
1967-06-01,34.6,CPI,US
1967-07-01,34.7,CPI,US
1967-08-01,34.9,CPI,US
1967-09-01,35,CPI,US
1967-10-01,35.1,CPI,US
1967-11-01,35.2,CPI,US
1967-12-01,35.4,CPI,US
1968-01-01,35.5,CPI,US
1968-02-01,35.7,CPI,US
1968-03-01,35.8,CPI,US
1968-04-01,35.9,CPI,US
1968-05-01,36,CPI,US
1968-06-01,36.2,CPI,US
1968-07-01,36.4,CPI,US
1968-08-01,36.5,CPI,US
1968-09-01,36.7,CPI,US
1968-10-01,36.9,CPI,US
1968-11-01,37.1,CPI,US
1968-12-01,37.2,CPI,US
1969-01-01,37.3,CPI,US
1969-02-01,37.6,CPI,US
1969-03-01,37.8,CPI,US
1969-04-01,38.1,CPI,US
1969-05-01,38.1,CPI,US
1969-06-01,38.3,CPI,US
1969-07-01,38.5,CPI,US
1969-08-01,38.7,CPI,US
1969-09-01,38.9,CPI,US
1969-10-01,39.1,CPI,US
1969-11-01,39.2,CPI,US
1969-12-01,39.4,CPI,US
1970-01-01,39.6,CPI,US
1970-02-01,39.8,CPI,US
1970-03-01,40.1,CPI,US
1970-04-01,40.4,CPI,US
1970-05-01,40.5,CPI,US
1970-06-01,40.8,CPI,US
1970-07-01,40.9,CPI,US
1970-08-01,41.1,CPI,US
1970-09-01,41.3,CPI,US
1970-10-01,41.5,CPI,US
1970-11-01,41.8,CPI,US
1970-12-01,42,CPI,US
1971-01-01,42.1,CPI,US
1971-02-01,42.2,CPI,US
1971-03-01,42.2,CPI,US
1971-04-01,42.4,CPI,US
1971-05-01,42.6,CPI,US
1971-06-01,42.8,CPI,US
1971-07-01,42.9,CPI,US
1971-08-01,43,CPI,US
1971-09-01,43,CPI,US
1971-10-01,43.1,CPI,US
1971-11-01,43.2,CPI,US
1971-12-01,43.3,CPI,US
1972-01-01,43.5,CPI,US
1972-02-01,43.6,CPI,US
1972-03-01,43.6,CPI,US
1972-04-01,43.8,CPI,US
1972-05-01,43.9,CPI,US
1972-06-01,44,CPI,US
1972-07-01,44.1,CPI,US
1972-08-01,44.3,CPI,US
1972-09-01,44.3,CPI,US
1972-10-01,44.4,CPI,US
1972-11-01,44.4,CPI,US
1972-12-01,44.6,CPI,US
1973-01-01,44.6,CPI,US
1973-02-01,44.8,CPI,US
1973-03-01,45,CPI,US
1973-04-01,45.1,CPI,US
1973-05-01,45.3,CPI,US
1973-06-01,45.4,CPI,US
1973-07-01,45.5,CPI,US
1973-08-01,45.7,CPI,US
1973-09-01,46,CPI,US
1973-10-01,46.3,CPI,US
1973-11-01,46.5,CPI,US
1973-12-01,46.7,CPI,US
1974-01-01,46.9,CPI,US
1974-02-01,47.2,CPI,US
1974-03-01,47.6,CPI,US
1974-04-01,47.9,CPI,US
1974-05-01,48.5,CPI,US
1974-06-01,49,CPI,US
1974-07-01,49.5,CPI,US
1974-08-01,50.2,CPI,US
1974-09-01,50.7,CPI,US
1974-10-01,51.2,CPI,US
1974-11-01,51.6,CPI,US
1974-12-01,52,CPI,US
1975-01-01,52.3,CPI,US
1975-02-01,52.8,CPI,US
1975-03-01,53,CPI,US
1975-04-01,53.3,CPI,US
1975-05-01,53.5,CPI,US
1975-06-01,53.8,CPI,US
1975-07-01,54,CPI,US
1975-08-01,54.2,CPI,US
1975-09-01,54.5,CPI,US
1975-10-01,54.8,CPI,US
1975-11-01,55.2,CPI,US
1975-12-01,55.5,CPI,US
1976-01-01,55.9,CPI,US
1976-02-01,56.2,CPI,US
1976-03-01,56.5,CPI,US
1976-04-01,56.7,CPI,US
1976-05-01,57,CPI,US
1976-06-01,57.2,CPI,US
1976-07-01,57.6,CPI,US
1976-08-01,57.9,CPI,US
1976-09-01,58.2,CPI,US
1976-10-01,58.5,CPI,US
1976-11-01,58.7,CPI,US
1976-12-01,58.9,CPI,US
1977-01-01,59.3,CPI,US
1977-02-01,59.7,CPI,US
1977-03-01,60,CPI,US
1977-04-01,60.3,CPI,US
1977-05-01,60.6,CPI,US
1977-06-01,61,CPI,US
1977-07-01,61.2,CPI,US
1977-08-01,61.5,CPI,US
1977-09-01,61.8,CPI,US
1977-10-01,62,CPI,US
1977-11-01,62.3,CPI,US
1977-12-01,62.7,CPI,US
1978-01-01,63.1,CPI,US
1978-02-01,63.4,CPI,US
1978-03-01,63.8,CPI,US
1978-04-01,64.3,CPI,US
1978-05-01,64.7,CPI,US
1978-06-01,65.2,CPI,US
1978-07-01,65.6,CPI,US
1978-08-01,66.1,CPI,US
1978-09-01,66.7,CPI,US
1978-10-01,67.2,CPI,US
1978-11-01,67.6,CPI,US
1978-12-01,68,CPI,US
1979-01-01,68.5,CPI,US
1979-02-01,69.2,CPI,US
1979-03-01,69.8,CPI,US
1979-04-01,70.3,CPI,US
1979-05-01,70.8,CPI,US
1979-06-01,71.3,CPI,US
1979-07-01,71.9,CPI,US
1979-08-01,72.7,CPI,US
1979-09-01,73.3,CPI,US
1979-10-01,74,CPI,US
1979-11-01,74.8,CPI,US
1979-12-01,75.7,CPI,US
1980-01-01,76.7,CPI,US
1980-02-01,77.5,CPI,US
1980-03-01,78.6,CPI,US
1980-04-01,79.5,CPI,US
1980-05-01,80.1,CPI,US
1980-06-01,81,CPI,US
1980-07-01,80.8,CPI,US
1980-08-01,81.3,CPI,US
1980-09-01,82.1,CPI,US
1980-10-01,83,CPI,US
1980-11-01,83.9,CPI,US
1980-12-01,84.9,CPI,US
1981-01-01,85.4,CPI,US
1981-02-01,85.9,CPI,US
1981-03-01,86.4,CPI,US
1981-04-01,87,CPI,US
1981-05-01,87.8,CPI,US
1981-06-01,88.6,CPI,US
1981-07-01,89.8,CPI,US
1981-08-01,90.7,CPI,US
1981-09-01,91.8,CPI,US
1981-10-01,92.1,CPI,US
1981-11-01,92.5,CPI,US
1981-12-01,93,CPI,US
1982-01-01,93.3,CPI,US
1982-02-01,93.8,CPI,US
1982-03-01,93.9,CPI,US
1982-04-01,94.7,CPI,US
1982-05-01,95.4,CPI,US
1982-06-01,96.1,CPI,US
1982-07-01,96.7,CPI,US
1982-08-01,97.1,CPI,US
1982-09-01,97.2,CPI,US
1982-10-01,97.5,CPI,US
1982-11-01,97.3,CPI,US
1982-12-01,97.2,CPI,US
1983-01-01,97.6,CPI,US
1983-02-01,98,CPI,US
1983-03-01,98.2,CPI,US
1983-04-01,98.6,CPI,US
1983-05-01,98.9,CPI,US
1983-06-01,99.2,CPI,US
1983-07-01,99.8,CPI,US
1983-08-01,100.1,CPI,US
1983-09-01,100.5,CPI,US
1983-10-01,101,CPI,US
1983-11-01,101.5,CPI,US
1983-12-01,101.8,CPI,US
1984-01-01,102.5,CPI,US
1984-02-01,102.8,CPI,US
1984-03-01,103.2,CPI,US
1984-04-01,103.7,CPI,US
1984-05-01,104.1,CPI,US
1984-06-01,104.5,CPI,US
1984-07-01,105,CPI,US
1984-08-01,105.4,CPI,US
1984-09-01,105.8,CPI,US
1984-10-01,106.2,CPI,US
1984-11-01,106.4,CPI,US
1984-12-01,106.8,CPI,US
1985-01-01,107.1,CPI,US
1985-02-01,107.7,CPI,US
1985-03-01,108.1,CPI,US
1985-04-01,108.4,CPI,US
1985-05-01,108.8,CPI,US
1985-06-01,109.1,CPI,US
1985-07-01,109.4,CPI,US
1985-08-01,109.8,CPI,US
1985-09-01,110,CPI,US
1985-10-01,110.5,CPI,US
1985-11-01,111.1,CPI,US
1985-12-01,111.4,CPI,US
1986-01-01,111.9,CPI,US
1986-02-01,112.2,CPI,US
1986-03-01,112.5,CPI,US
1986-04-01,112.9,CPI,US
1986-05-01,113.1,CPI,US
1986-06-01,113.4,CPI,US
1986-07-01,113.8,CPI,US
1986-08-01,114.2,CPI,US
1986-09-01,114.6,CPI,US
1986-10-01,115,CPI,US
1986-11-01,115.3,CPI,US
1986-12-01,115.6,CPI,US
1987-01-01,115.9,CPI,US
1987-02-01,116.2,CPI,US
1987-03-01,116.6,CPI,US
1987-04-01,117.3,CPI,US
1987-05-01,117.7,CPI,US
1987-06-01,117.9,CPI,US
1987-07-01,118.3,CPI,US
1987-08-01,118.7,CPI,US
1987-09-01,119.2,CPI,US
1987-10-01,119.8,CPI,US
1987-11-01,120.1,CPI,US
1987-12-01,120.4,CPI,US
1988-01-01,120.9,CPI,US
1988-02-01,121.2,CPI,US
1988-03-01,121.7,CPI,US
1988-04-01,122.3,CPI,US
1988-05-01,122.7,CPI,US
1988-06-01,123.2,CPI,US
1988-07-01,123.6,CPI,US
1988-08-01,124,CPI,US
1988-09-01,124.7,CPI,US
1988-10-01,125.2,CPI,US
1988-11-01,125.6,CPI,US
1988-12-01,126,CPI,US
1989-01-01,126.5,CPI,US
1989-02-01,126.9,CPI,US
1989-03-01,127.4,CPI,US
1989-04-01,127.8,CPI,US
1989-05-01,128.3,CPI,US
1989-06-01,128.8,CPI,US
1989-07-01,129.2,CPI,US
1989-08-01,129.5,CPI,US
1989-09-01,129.9,CPI,US
1989-10-01,130.6,CPI,US
1989-11-01,131.1,CPI,US
1989-12-01,131.6,CPI,US
1990-01-01,132.1,CPI,US
1990-02-01,132.7,CPI,US
1990-03-01,133.5,CPI,US
1990-04-01,134,CPI,US
1990-05-01,134.4,CPI,US
1990-06-01,135.1,CPI,US
1990-07-01,135.8,CPI,US
1990-08-01,136.6,CPI,US
1990-09-01,137.1,CPI,US
1990-10-01,137.6,CPI,US
1990-11-01,138,CPI,US
1990-12-01,138.6,CPI,US
1991-01-01,139.5,CPI,US
1991-02-01,140.2,CPI,US
1991-03-01,140.5,CPI,US
1991-04-01,140.9,CPI,US
1991-05-01,141.3,CPI,US
1991-06-01,141.8,CPI,US
1991-07-01,142.3,CPI,US
1991-08-01,142.9,CPI,US
1991-09-01,143.4,CPI,US
1991-10-01,143.7,CPI,US
1991-11-01,144.2,CPI,US
1991-12-01,144.7,CPI,US
1992-01-01,145.1,CPI,US
1992-02-01,145.4,CPI,US
1992-03-01,145.9,CPI,US
1992-04-01,146.3,CPI,US
1992-05-01,146.8,CPI,US
1992-06-01,147.1,CPI,US
1992-07-01,147.6,CPI,US
1992-08-01,147.9,CPI,US
1992-09-01,148.1,CPI,US
1992-10-01,148.8,CPI,US
1992-11-01,149.2,CPI,US
1992-12-01,149.6,CPI,US
1993-01-01,150.1,CPI,US
1993-02-01,150.6,CPI,US
1993-03-01,150.8,CPI,US
1993-04-01,151.4,CPI,US
1993-05-01,151.8,CPI,US
1993-06-01,152.1,CPI,US
1993-07-01,152.3,CPI,US
1993-08-01,152.8,CPI,US
1993-09-01,152.9,CPI,US
1993-10-01,153.4,CPI,US
1993-11-01,153.9,CPI,US
1993-12-01,154.3,CPI,US
1994-01-01,154.5,CPI,US
1994-02-01,154.8,CPI,US
1994-03-01,155.3,CPI,US
1994-04-01,155.5,CPI,US
1994-05-01,155.9,CPI,US
1994-06-01,156.4,CPI,US
1994-07-01,156.7,CPI,US
1994-08-01,157.1,CPI,US
1994-09-01,157.5,CPI,US
1994-10-01,157.8,CPI,US
1994-11-01,158.2,CPI,US
1994-12-01,158.3,CPI,US
1995-01-01,159,CPI,US
1995-02-01,159.4,CPI,US
1995-03-01,159.9,CPI,US
1995-04-01,160.4,CPI,US
1995-05-01,160.7,CPI,US
1995-06-01,161.1,CPI,US
1995-07-01,161.4,CPI,US
1995-08-01,161.8,CPI,US
1995-09-01,162.2,CPI,US
1995-10-01,162.7,CPI,US
1995-11-01,163,CPI,US
1995-12-01,163.1,CPI,US
1996-01-01,163.7,CPI,US
1996-02-01,164,CPI,US
1996-03-01,164.4,CPI,US
1996-04-01,164.6,CPI,US
1996-05-01,165,CPI,US
1996-06-01,165.4,CPI,US
1996-07-01,165.7,CPI,US
1996-08-01,166,CPI,US
1996-09-01,166.5,CPI,US
1996-10-01,166.8,CPI,US
1996-11-01,167.2,CPI,US
1996-12-01,167.4,CPI,US
1997-01-01,167.8,CPI,US
1997-02-01,168.1,CPI,US
1997-03-01,168.4,CPI,US
1997-04-01,168.9,CPI,US
1997-05-01,169.2,CPI,US
1997-06-01,169.4,CPI,US
1997-07-01,169.7,CPI,US
1997-08-01,169.8,CPI,US
1997-09-01,170.2,CPI,US
1997-10-01,170.6,CPI,US
1997-11-01,170.8,CPI,US
1997-12-01,171.2,CPI,US
1998-01-01,171.6,CPI,US
1998-02-01,171.9,CPI,US
1998-03-01,172.2,CPI,US
1998-04-01,172.5,CPI,US
1998-05-01,172.9,CPI,US
1998-06-01,173.2,CPI,US
1998-07-01,173.5,CPI,US
1998-08-01,174,CPI,US
1998-09-01,174.2,CPI,US
1998-10-01,174.4,CPI,US
1998-11-01,174.8,CPI,US
1998-12-01,175.4,CPI,US
1999-01-01,175.6,CPI,US
1999-02-01,175.6,CPI,US
1999-03-01,175.7,CPI,US
1999-04-01,176.3,CPI,US
1999-05-01,176.5,CPI,US
1999-06-01,176.6,CPI,US
1999-07-01,177.1,CPI,US
1999-08-01,177.3,CPI,US
1999-09-01,177.8,CPI,US
1999-10-01,178.1,CPI,US
1999-11-01,178.4,CPI,US
1999-12-01,178.7,CPI,US
2000-01-01,179.3,CPI,US
2000-02-01,179.4,CPI,US
2000-03-01,180,CPI,US
2000-04-01,180.3,CPI,US
2000-05-01,180.7,CPI,US
2000-06-01,181.1,CPI,US
2000-07-01,181.5,CPI,US
2000-08-01,181.9,CPI,US
2000-09-01,182.3,CPI,US
2000-10-01,182.6,CPI,US
2000-11-01,183.1,CPI,US
2000-12-01,183.3,CPI,US
2001-01-01,183.9,CPI,US
2001-02-01,184.4,CPI,US
2001-03-01,184.7,CPI,US
2001-04-01,185.1,CPI,US
2001-05-01,185.3,CPI,US
2001-06-01,186,CPI,US
2001-07-01,186.4,CPI,US
2001-08-01,186.7,CPI,US
2001-09-01,187.1,CPI,US
2001-10-01,187.4,CPI,US
2001-11-01,188.1,CPI,US
2001-12-01,188.4,CPI,US
2002-01-01,188.7,CPI,US
2002-02-01,189.1,CPI,US
2002-03-01,189.2,CPI,US
2002-04-01,189.7,CPI,US
2002-05-01,190,CPI,US
2002-06-01,190.2,CPI,US
2002-07-01,190.5,CPI,US
2002-08-01,191.1,CPI,US
2002-09-01,191.3,CPI,US
2002-10-01,191.5,CPI,US
2002-11-01,191.9,CPI,US
2002-12-01,192.1,CPI,US
2003-01-01,192.4,CPI,US
2003-02-01,192.5,CPI,US
2003-03-01,192.5,CPI,US
2003-04-01,192.5,CPI,US
2003-05-01,192.9,CPI,US
2003-06-01,193,CPI,US
2003-07-01,193.4,CPI,US
2003-08-01,193.6,CPI,US
2003-09-01,193.7,CPI,US
2003-10-01,194,CPI,US
2003-11-01,194,CPI,US
2003-12-01,194.2,CPI,US
2004-01-01,194.6,CPI,US
2004-02-01,194.9,CPI,US
2004-03-01,195.5,CPI,US
2004-04-01,195.9,CPI,US
2004-05-01,196.2,CPI,US
2004-06-01,196.6,CPI,US
2004-07-01,196.8,CPI,US
2004-08-01,196.9,CPI,US
2004-09-01,197.5,CPI,US
2004-10-01,197.9,CPI,US
2004-11-01,198.3,CPI,US
2004-12-01,198.6,CPI,US
2005-01-01,199,CPI,US
2005-02-01,199.4,CPI,US
2005-03-01,200.1,CPI,US
2005-04-01,200.2,CPI,US
2005-05-01,200.5,CPI,US
2005-06-01,200.6,CPI,US
2005-07-01,200.9,CPI,US
2005-08-01,201.1,CPI,US
2005-09-01,201.3,CPI,US
2005-10-01,202,CPI,US
2005-11-01,202.5,CPI,US
2005-12-01,202.8,CPI,US
2006-01-01,203.2,CPI,US
2006-02-01,203.6,CPI,US
2006-03-01,204.3,CPI,US
2006-04-01,204.8,CPI,US
2006-05-01,205.4,CPI,US
2006-06-01,205.9,CPI,US
2006-07-01,206.3,CPI,US
2006-08-01,206.8,CPI,US
2006-09-01,207.2,CPI,US
2006-10-01,207.6,CPI,US
2006-11-01,207.8,CPI,US
2006-12-01,208.1,CPI,US
2007-01-01,208.6,CPI,US
2007-02-01,209.135,CPI,US
2007-03-01,209.418,CPI,US
2007-04-01,209.747,CPI,US
2007-05-01,210.058,CPI,US
2007-06-01,210.392,CPI,US
2007-07-01,210.773,CPI,US
2007-08-01,211.119,CPI,US
2007-09-01,211.554,CPI,US
2007-10-01,212.077,CPI,US
2007-11-01,212.66,CPI,US
2007-12-01,213.168,CPI,US
2008-01-01,213.771,CPI,US
2008-02-01,213.939,CPI,US
2008-03-01,214.42,CPI,US
2008-04-01,214.56,CPI,US
2008-05-01,214.936,CPI,US
2008-06-01,215.424,CPI,US
2008-07-01,215.965,CPI,US
2008-08-01,216.393,CPI,US
2008-09-01,216.713,CPI,US
2008-10-01,216.788,CPI,US
2008-11-01,216.947,CPI,US
2008-12-01,216.925,CPI,US
2009-01-01,217.346,CPI,US
2009-02-01,217.792,CPI,US
2009-03-01,218.253,CPI,US
2009-04-01,218.706,CPI,US
2009-05-01,218.904,CPI,US
2009-06-01,219.112,CPI,US
2009-07-01,219.263,CPI,US
2009-08-01,219.496,CPI,US
2009-09-01,219.92,CPI,US
2009-10-01,220.501,CPI,US
2009-11-01,220.666,CPI,US
2009-12-01,220.881,CPI,US
2010-01-01,220.633,CPI,US
2010-02-01,220.731,CPI,US
2010-03-01,220.783,CPI,US
2010-04-01,220.822,CPI,US
2010-05-01,220.962,CPI,US
2010-06-01,221.194,CPI,US
2010-07-01,221.363,CPI,US
2010-08-01,221.509,CPI,US
2010-09-01,221.711,CPI,US
2010-10-01,221.83,CPI,US
2010-11-01,222.149,CPI,US
2010-12-01,222.343,CPI,US
2011-01-01,222.803,CPI,US
2011-02-01,223.213,CPI,US
2011-03-01,223.454,CPI,US
2011-04-01,223.727,CPI,US
2011-05-01,224.175,CPI,US
2011-06-01,224.697,CPI,US
2011-07-01,225.218,CPI,US
2011-08-01,225.862,CPI,US
2011-09-01,226.118,CPI,US
2011-10-01,226.506,CPI,US
2011-11-01,226.899,CPI,US
2011-12-01,227.405,CPI,US
2012-01-01,227.877,CPI,US
2012-02-01,228.034,CPI,US
2012-03-01,228.478,CPI,US
2012-04-01,228.905,CPI,US
2012-05-01,229.224,CPI,US
2012-06-01,229.623,CPI,US
2012-07-01,229.97,CPI,US
2012-08-01,230.233,CPI,US
2012-09-01,230.659,CPI,US
2012-10-01,231.024,CPI,US
2012-11-01,231.33,CPI,US
2012-12-01,231.725,CPI,US
2013-01-01,232.229,CPI,US
2013-02-01,232.569,CPI,US
2013-03-01,232.794,CPI,US
2013-04-01,232.832,CPI,US
2013-05-01,232.996,CPI,US
2013-06-01,233.35,CPI,US
2013-07-01,233.88,CPI,US
2013-08-01,234.336,CPI,US
2013-09-01,234.7,CPI,US
2013-10-01,234.921,CPI,US
2013-11-01,235.359,CPI,US
2013-12-01,235.759,CPI,US
2014-01-01,235.961,CPI,US
2014-02-01,236.185,CPI,US
2014-03-01,236.625,CPI,US
2014-04-01,237.072,CPI,US
2014-05-01,237.529,CPI,US
2014-06-01,237.837,CPI,US
2014-07-01,238.195,CPI,US
2014-08-01,238.405,CPI,US
2014-09-01,238.786,CPI,US
2014-10-01,239.191,CPI,US
2014-11-01,239.458,CPI,US
2014-12-01,239.584,CPI,US
2015-01-01,239.811,CPI,US
2015-02-01,240.172,CPI,US
2015-03-01,240.755,CPI,US
2015-04-01,241.346,CPI,US
2015-05-01,241.688,CPI,US
2015-06-01,242.064,CPI,US
2015-07-01,242.565,CPI,US
2015-08-01,242.817,CPI,US
2015-09-01,243.316,CPI,US
2015-10-01,243.768,CPI,US
2015-11-01,244.241,CPI,US
2015-12-01,244.547,CPI,US
2016-01-01,244.955,CPI,US
2016-02-01,245.51,CPI,US
2016-03-01,245.913,CPI,US
2016-04-01,246.551,CPI,US
2016-05-01,247.137,CPI,US
2016-06-01,247.54,CPI,US
2016-07-01,247.829,CPI,US
2016-08-01,248.423,CPI,US
2016-09-01,248.842,CPI,US
2016-10-01,249.142,CPI,US
2016-11-01,249.481,CPI,US
2016-12-01,249.92,CPI,US
2017-01-01,250.462,CPI,US
2017-02-01,250.903,CPI,US
2017-03-01,250.836,CPI,US
2017-04-01,251.252,CPI,US
2017-05-01,251.488,CPI,US
2017-06-01,251.822,CPI,US
2017-07-01,252.047,CPI,US
2017-08-01,252.597,CPI,US
2017-09-01,253.039,CPI,US
2017-10-01,253.535,CPI,US
2017-11-01,253.744,CPI,US
2017-12-01,254.308,CPI,US
2018-01-01,255.007,CPI,US
2018-02-01,255.472,CPI,US
2018-03-01,256.117,CPI,US
2018-04-01,256.656,CPI,US
2018-05-01,257.157,CPI,US
2018-06-01,257.534,CPI,US
2018-07-01,257.93,CPI,US
2018-08-01,258.08,CPI,US
2018-09-01,258.534,CPI,US
2018-10-01,258.989,CPI,US
2018-11-01,259.415,CPI,US
2018-12-01,259.873,CPI,US
2019-01-01,260.419,CPI,US
2019-02-01,260.722,CPI,US
2019-03-01,261.339,CPI,US
2019-04-01,262.05,CPI,US
2019-05-01,262.384,CPI,US
2019-06-01,263.117,CPI,US
2019-07-01,263.616,CPI,US
2019-08-01,264.151,CPI,US
2019-09-01,264.603,CPI,US
2019-10-01,265.026,CPI,US
2019-11-01,265.427,CPI,US
2019-12-01,265.651,CPI,US
2020-01-01,266.306,CPI,US
2020-02-01,266.876,CPI,US
2020-03-01,266.82,CPI,US
2020-04-01,265.836,CPI,US
2020-05-01,265.637,CPI,US
2020-06-01,266.282,CPI,US
2020-07-01,267.722,CPI,US
2020-08-01,268.654,CPI,US
2020-09-01,269.155,CPI,US
2020-10-01,269.35,CPI,US
2020-11-01,269.819,CPI,US
2020-12-01,269.94,CPI,US
2021-01-01,270.025,CPI,US
2021-02-01,270.299,CPI,US
2021-03-01,271.214,CPI,US
1960-01-01,100.997072978112,GDP,US
1960-02-01,101.007102210993,GDP,US
1960-03-01,100.933190187962,GDP,US
1960-04-01,100.777597630519,GDP,US
1960-05-01,100.558758324167,GDP,US
1960-06-01,100.293795782211,GDP,US
1960-07-01,99.9856057503,GDP,US
1960-08-01,99.6336757482583,GDP,US
1960-09-01,99.2476201987986,GDP,US
1960-10-01,98.8632871706988,GDP,US
1960-11-01,98.526336184304,GDP,US
1960-12-01,98.2760935257278,GDP,US
1961-01-01,98.1263520092013,GDP,US
1961-02-01,98.0779560478398,GDP,US
1961-03-01,98.1235604400562,GDP,US
1961-04-01,98.2446523320268,GDP,US
1961-05-01,98.4211685386389,GDP,US
1961-06-01,98.6353004769414,GDP,US
1961-07-01,98.8709834741761,GDP,US
1961-08-01,99.1151745665248,GDP,US
1961-09-01,99.3571903427143,GDP,US
1961-10-01,99.5870114525016,GDP,US
1961-11-01,99.7948265579568,GDP,US
1961-12-01,99.9710245199283,GDP,US
1962-01-01,100.107348970827,GDP,US
1962-02-01,100.19716111709,GDP,US
1962-03-01,100.238162806182,GDP,US
1962-04-01,100.238041023452,GDP,US
1962-05-01,100.206430911689,GDP,US
1962-06-01,100.14954432825,GDP,US
1962-07-01,100.066828908203,GDP,US
1962-08-01,99.9557790586909,GDP,US
1962-09-01,99.8182912986638,GDP,US
1962-10-01,99.6687007978297,GDP,US
1962-11-01,99.5260103476494,GDP,US
1962-12-01,99.406908966389,GDP,US
1963-01-01,99.3182330594283,GDP,US
1963-02-01,99.2625352395872,GDP,US
1963-03-01,99.2411821557116,GDP,US
1963-04-01,99.2548327022028,GDP,US
1963-05-01,99.3020401490972,GDP,US
1963-06-01,99.3750949712802,GDP,US
1963-07-01,99.4531915289486,GDP,US
1963-08-01,99.5147318238915,GDP,US
1963-09-01,99.5489322564072,GDP,US
1963-10-01,99.5682515739017,GDP,US
1963-11-01,99.5931020418138,GDP,US
1963-12-01,99.6374664355444,GDP,US
1964-01-01,99.6939850269574,GDP,US
1964-02-01,99.745996466804,GDP,US
1964-03-01,99.7783810865172,GDP,US
1964-04-01,99.7884389197647,GDP,US
1964-05-01,99.7787277171818,GDP,US
1964-06-01,99.7513517985463,GDP,US
1964-07-01,99.7035580644635,GDP,US
1964-08-01,99.6340183074045,GDP,US
1964-09-01,99.5503794846629,GDP,US
1964-10-01,99.478156734705,GDP,US
1964-11-01,99.4464356495978,GDP,US
1964-12-01,99.4729168917482,GDP,US
1965-01-01,99.546094589737,GDP,US
1965-02-01,99.6443685781864,GDP,US
1965-03-01,99.7514678567977,GDP,US
1965-04-01,99.8699049014233,GDP,US
1965-05-01,100.0120928139,GDP,US
1965-06-01,100.190596255121,GDP,US
1965-07-01,100.406594267138,GDP,US
1965-08-01,100.654856154627,GDP,US
1965-09-01,100.925872416172,GDP,US
1965-10-01,101.205534960895,GDP,US
1965-11-01,101.475637039502,GDP,US
1965-12-01,101.713667126661,GDP,US
1966-01-01,101.893250060389,GDP,US
1966-02-01,101.990564767933,GDP,US
1966-03-01,101.99494743465,GDP,US
1966-04-01,101.925193434155,GDP,US
1966-05-01,101.811148708955,GDP,US
1966-06-01,101.680768498101,GDP,US
1966-07-01,101.550741009411,GDP,US
1966-08-01,101.42884085547,GDP,US
1966-09-01,101.31647457064,GDP,US
1966-10-01,101.210835229644,GDP,US
1966-11-01,101.106180051892,GDP,US
1966-12-01,100.994834483549,GDP,US
1967-01-01,100.868342478118,GDP,US
1967-02-01,100.7207424096,GDP,US
1967-03-01,100.553109723236,GDP,US
1967-04-01,100.379757610786,GDP,US
1967-05-01,100.219858524299,GDP,US
1967-06-01,100.08987011546,GDP,US
1967-07-01,99.995384636833,GDP,US
1967-08-01,99.9385770623946,GDP,US
1967-09-01,99.9232325195438,GDP,US
1967-10-01,99.9572481164241,GDP,US
1967-11-01,100.048762304548,GDP,US
1967-12-01,100.198938071591,GDP,US
1968-01-01,100.39070213727,GDP,US
1968-02-01,100.598771991729,GDP,US
1968-03-01,100.796775426688,GDP,US
1968-04-01,100.963361666027,GDP,US
1968-05-01,101.082664880418,GDP,US
1968-06-01,101.147130914283,GDP,US
1968-07-01,101.163793936173,GDP,US
1968-08-01,101.147155073388,GDP,US
1968-09-01,101.115610095348,GDP,US
1968-10-01,101.090455953083,GDP,US
1968-11-01,101.088685764161,GDP,US
1968-12-01,101.115572282148,GDP,US
1969-01-01,101.155747531586,GDP,US
1969-02-01,101.185767357679,GDP,US
1969-03-01,101.185796203767,GDP,US
1969-04-01,101.152107445208,GDP,US
1969-05-01,101.08703929378,GDP,US
1969-06-01,100.991512280159,GDP,US
1969-07-01,100.859984199977,GDP,US
1969-08-01,100.684906609173,GDP,US
1969-09-01,100.463853428643,GDP,US
1969-10-01,100.209757906592,GDP,US
1969-11-01,99.9417364067328,GDP,US
1969-12-01,99.678538946075,GDP,US
1970-01-01,99.4332814150456,GDP,US
1970-02-01,99.2147715809037,GDP,US
1970-03-01,99.0276625674834,GDP,US
1970-04-01,98.8707884570014,GDP,US
1970-05-01,98.7389858625962,GDP,US
1970-06-01,98.622773625047,GDP,US
1970-07-01,98.5062754589831,GDP,US
1970-08-01,98.3791506858338,GDP,US
1970-09-01,98.2484180673593,GDP,US
1970-10-01,98.1508847322916,GDP,US
1970-11-01,98.1275003119587,GDP,US
1970-12-01,98.1955944608512,GDP,US
1971-01-01,98.3301705005326,GDP,US
1971-02-01,98.4821073466433,GDP,US
1971-03-01,98.6057267790988,GDP,US
1971-04-01,98.6851035600294,GDP,US
1971-05-01,98.7215145614577,GDP,US
1971-06-01,98.723837337679,GDP,US
1971-07-01,98.7018917897752,GDP,US
1971-08-01,98.6676891587614,GDP,US
1971-09-01,98.6383561723095,GDP,US
1971-10-01,98.6398855660303,GDP,US
1971-11-01,98.6992825288571,GDP,US
1971-12-01,98.8345484507225,GDP,US
1972-01-01,99.0404011965634,GDP,US
1972-02-01,99.2994050277467,GDP,US
1972-03-01,99.5877928728616,GDP,US
1972-04-01,99.8773561012734,GDP,US
1972-05-01,100.144279835088,GDP,US
1972-06-01,100.377902396301,GDP,US
1972-07-01,100.591036612563,GDP,US
1972-08-01,100.807268591792,GDP,US
1972-09-01,101.049549553303,GDP,US
1972-10-01,101.328459782719,GDP,US
1972-11-01,101.643223492411,GDP,US
1972-12-01,101.979966202903,GDP,US
1973-01-01,102.307240541929,GDP,US
1973-02-01,102.586621247508,GDP,US
1973-03-01,102.784139128564,GDP,US
1973-04-01,102.885265201541,GDP,US
1973-05-01,102.888625279522,GDP,US
1973-06-01,102.806411856146,GDP,US
1973-07-01,102.671610616945,GDP,US
1973-08-01,102.518559480657,GDP,US
1973-09-01,102.367556854641,GDP,US
1973-10-01,102.211126491192,GDP,US
1973-11-01,102.030294284659,GDP,US
1973-12-01,101.811136902618,GDP,US
1974-01-01,101.562891927107,GDP,US
1974-02-01,101.302354965653,GDP,US
1974-03-01,101.040612031612,GDP,US
1974-04-01,100.770946129944,GDP,US
1974-05-01,100.479080178302,GDP,US
1974-06-01,100.153875335948,GDP,US
1974-07-01,99.7994438858613,GDP,US
1974-08-01,99.4261293555326,GDP,US
1974-09-01,99.0437517420366,GDP,US
1974-10-01,98.6563817506992,GDP,US
1974-11-01,98.26888538308,GDP,US
1974-12-01,97.8936883544008,GDP,US
1975-01-01,97.5574088925031,GDP,US
1975-02-01,97.2907084992871,GDP,US
1975-03-01,97.1156583696368,GDP,US
1975-04-01,97.0417692258696,GDP,US
1975-05-01,97.0652379697824,GDP,US
1975-06-01,97.1740827979132,GDP,US
1975-07-01,97.3459373550148,GDP,US
1975-08-01,97.5585005757697,GDP,US
1975-09-01,97.795267176468,GDP,US
1975-10-01,98.0481800552983,GDP,US
1975-11-01,98.3118764874997,GDP,US
1975-12-01,98.5764674523221,GDP,US
1976-01-01,98.819203523851,GDP,US
1976-02-01,99.013624662114,GDP,US
1976-03-01,99.1401303990282,GDP,US
1976-04-01,99.1997826493928,GDP,US
1976-05-01,99.2040029978301,GDP,US
1976-06-01,99.1687430096487,GDP,US
1976-07-01,99.1124488904606,GDP,US
1976-08-01,99.0532423499694,GDP,US
1976-09-01,99.0075475988346,GDP,US
1976-10-01,98.988870810669,GDP,US
1976-11-01,99.0090322589411,GDP,US
1976-12-01,99.0773727476885,GDP,US
1977-01-01,99.1970752952438,GDP,US
1977-02-01,99.366900269702,GDP,US
1977-03-01,99.5790716170237,GDP,US
1977-04-01,99.8133756016759,GDP,US
1977-05-01,100.043261706484,GDP,US
1977-06-01,100.240284703308,GDP,US
1977-07-01,100.378852825133,GDP,US
1977-08-01,100.441290763004,GDP,US
1977-09-01,100.427000998069,GDP,US
1977-10-01,100.366816928946,GDP,US
1977-11-01,100.307478182375,GDP,US
1977-12-01,100.29954950157,GDP,US
1978-01-01,100.385672951836,GDP,US
1978-02-01,100.591708303611,GDP,US
1978-03-01,100.911020781373,GDP,US
1978-04-01,101.301838017823,GDP,US
1978-05-01,101.701960046959,GDP,US
1978-06-01,102.060597580256,GDP,US
1978-07-01,102.352655618366,GDP,US
1978-08-01,102.575818594348,GDP,US
1978-09-01,102.734924348504,GDP,US
1978-10-01,102.831149053572,GDP,US
1978-11-01,102.862988120057,GDP,US
1978-12-01,102.83192258233,GDP,US
1979-01-01,102.752818910856,GDP,US
1979-02-01,102.645535416975,GDP,US
1979-03-01,102.530223729316,GDP,US
1979-04-01,102.424960749141,GDP,US
1979-05-01,102.342793001176,GDP,US
1979-06-01,102.288350933494,GDP,US
1979-07-01,102.253051700828,GDP,US
1979-08-01,102.221400831103,GDP,US
1979-09-01,102.17608121624,GDP,US
1979-10-01,102.102972476783,GDP,US
1979-11-01,101.987485440373,GDP,US
1979-12-01,101.813127574568,GDP,US
1980-01-01,101.563338074031,GDP,US
1980-02-01,101.22901696581,GDP,US
1980-03-01,100.821405874409,GDP,US
1980-04-01,100.390629622952,GDP,US
1980-05-01,100.00192526524,GDP,US
1980-06-01,99.7144173421924,GDP,US
1980-07-01,99.5577964302693,GDP,US
1980-08-01,99.5410580108887,GDP,US
1980-09-01,99.6514380149319,GDP,US
1980-10-01,99.8598495249848,GDP,US
1980-11-01,100.121805388183,GDP,US
1980-12-01,100.388124561654,GDP,US
1981-01-01,100.611959607439,GDP,US
1981-02-01,100.75827425474,GDP,US
1981-03-01,100.816415822188,GDP,US
1981-04-01,100.804113898676,GDP,US
1981-05-01,100.751824972801,GDP,US
1981-06-01,100.678100037776,GDP,US
1981-07-01,100.567872523267,GDP,US
1981-08-01,100.391005473209,GDP,US
1981-09-01,100.123263236076,GDP,US
1981-10-01,99.7715744304836,GDP,US
1981-11-01,99.3601788284466,GDP,US
1981-12-01,98.9226289805424,GDP,US
1982-01-01,98.4980698252736,GDP,US
1982-02-01,98.1207132945033,GDP,US
1982-03-01,97.8086356298326,GDP,US
1982-04-01,97.5492635940513,GDP,US
1982-05-01,97.31894810094,GDP,US
1982-06-01,97.0980894477777,GDP,US
1982-07-01,96.8837361519328,GDP,US
1982-08-01,96.6852527864249,GDP,US
1982-09-01,96.5193636826124,GDP,US
1982-10-01,96.4039126530663,GDP,US
1982-11-01,96.3571291898799,GDP,US
1982-12-01,96.3930392097782,GDP,US
1983-01-01,96.511631787192,GDP,US
1983-02-01,96.7067144765761,GDP,US
1983-03-01,96.9673192305808,GDP,US
1983-04-01,97.273120665295,GDP,US
1983-05-01,97.6031572919338,GDP,US
1983-06-01,97.9409309215551,GDP,US
1983-07-01,98.2773937218828,GDP,US
1983-08-01,98.6086130717779,GDP,US
1983-09-01,98.9330422140176,GDP,US
1983-10-01,99.2486775349228,GDP,US
1983-11-01,99.5526910412482,GDP,US
1983-12-01,99.8412585833416,GDP,US
1984-01-01,100.109805504843,GDP,US
1984-02-01,100.352216401373,GDP,US
1984-03-01,100.561104313117,GDP,US
1984-04-01,100.72960947799,GDP,US
1984-05-01,100.851520906614,GDP,US
1984-06-01,100.923989445291,GDP,US
1984-07-01,100.953280134551,GDP,US
1984-08-01,100.949134503126,GDP,US
1984-09-01,100.922018995831,GDP,US
1984-10-01,100.882615641397,GDP,US
1984-11-01,100.84016189504,GDP,US
1984-12-01,100.801572838079,GDP,US
1985-01-01,100.770690382583,GDP,US
1985-02-01,100.750245314905,GDP,US
1985-03-01,100.743164129326,GDP,US
1985-04-01,100.75303899573,GDP,US
1985-05-01,100.781987834598,GDP,US
1985-06-01,100.827235472612,GDP,US
1985-07-01,100.876258453618,GDP,US
1985-08-01,100.913710403258,GDP,US
1985-09-01,100.927985044592,GDP,US
1985-10-01,100.918520238783,GDP,US
1985-11-01,100.889507358999,GDP,US
1985-12-01,100.845296243684,GDP,US
1986-01-01,100.787227950344,GDP,US
1986-02-01,100.715488299672,GDP,US
1986-03-01,100.63196430639,GDP,US
1986-04-01,100.544084307969,GDP,US
1986-05-01,100.4601053808,GDP,US
1986-06-01,100.384823759956,GDP,US
1986-07-01,100.315117426032,GDP,US
1986-08-01,100.245020867743,GDP,US
1986-09-01,100.170416371396,GDP,US
1986-10-01,100.093778855273,GDP,US
1986-11-01,100.021175064361,GDP,US
1986-12-01,99.9595230145609,GDP,US
1987-01-01,99.9136825802891,GDP,US
1987-02-01,99.8870289680905,GDP,US
1987-03-01,99.8809770869175,GDP,US
1987-04-01,99.8932158197123,GDP,US
1987-05-01,99.921218186615,GDP,US
1987-06-01,99.9644959987867,GDP,US
1987-07-01,100.025794513388,GDP,US
1987-08-01,100.107334102122,GDP,US
1987-09-01,100.205839460677,GDP,US
1987-10-01,100.306176052101,GDP,US
1987-11-01,100.390755695942,GDP,US
1987-12-01,100.448874430816,GDP,US
1988-01-01,100.487226730484,GDP,US
1988-02-01,100.519115127546,GDP,US
1988-03-01,100.555185760801,GDP,US
1988-04-01,100.594778594199,GDP,US
1988-05-01,100.63298849103,GDP,US
1988-06-01,100.667564196929,GDP,US
1988-07-01,100.70600321321,GDP,US
1988-08-01,100.758891147129,GDP,US
1988-09-01,100.833125584718,GDP,US
1988-10-01,100.924248560868,GDP,US
1988-11-01,101.022295757792,GDP,US
1988-12-01,101.116541113935,GDP,US
1989-01-01,101.199874908226,GDP,US
1989-02-01,101.267626093094,GDP,US
1989-03-01,101.317302781376,GDP,US
1989-04-01,101.349585932084,GDP,US
1989-05-01,101.365887347369,GDP,US
1989-06-01,101.367308552397,GDP,US
1989-07-01,101.354903717285,GDP,US
1989-08-01,101.330832324123,GDP,US
1989-09-01,101.300652520358,GDP,US
1989-10-01,101.276591911678,GDP,US
1989-11-01,101.27062384686,GDP,US
1989-12-01,101.287296939483,GDP,US
1990-01-01,101.315418713018,GDP,US
1990-02-01,101.336166177499,GDP,US
1990-03-01,101.330462539293,GDP,US
1990-04-01,101.286988323844,GDP,US
1990-05-01,101.197781112877,GDP,US
1990-06-01,101.056652107457,GDP,US
1990-07-01,100.860974943585,GDP,US
1990-08-01,100.611367455181,GDP,US
1990-09-01,100.315338008051,GDP,US
1990-10-01,99.994759686178,GDP,US
1990-11-01,99.6773056580402,GDP,US
1990-12-01,99.3899156883414,GDP,US
1991-01-01,99.1523279516676,GDP,US
1991-02-01,98.9774890151235,GDP,US
1991-03-01,98.8684343755855,GDP,US
1991-04-01,98.8106483768692,GDP,US
1991-05-01,98.7838975155475,GDP,US
1991-06-01,98.7702163927603,GDP,US
1991-07-01,98.7596051788476,GDP,US
1991-08-01,98.7495227850118,GDP,US
1991-09-01,98.7440956587616,GDP,US
1991-10-01,98.7532060830453,GDP,US
1991-11-01,98.78816707948,GDP,US
1991-12-01,98.856269613765,GDP,US
1992-01-01,98.9533464956628,GDP,US
1992-02-01,99.0703003661119,GDP,US
1992-03-01,99.1973670803036,GDP,US
1992-04-01,99.3267906323098,GDP,US
1992-05-01,99.4526842251391,GDP,US
1992-06-01,99.5705448764032,GDP,US
1992-07-01,99.6768354965683,GDP,US
1992-08-01,99.7672968057605,GDP,US
1992-09-01,99.8359007679859,GDP,US
1992-10-01,99.8747582482366,GDP,US
1992-11-01,99.87668841852,GDP,US
1992-12-01,99.8397311694423,GDP,US
1993-01-01,99.774075162327,GDP,US
1993-02-01,99.694504945956,GDP,US
1993-03-01,99.6147790692835,GDP,US
1993-04-01,99.5429142376916,GDP,US
1993-05-01,99.4845184666576,GDP,US
1993-06-01,99.445385522827,GDP,US
1993-07-01,99.4329528320045,GDP,US
1993-08-01,99.4542254107194,GDP,US
1993-09-01,99.5116262114049,GDP,US
1993-10-01,99.5962322757044,GDP,US
1993-11-01,99.6955251383968,GDP,US
1993-12-01,99.7989482858996,GDP,US
1994-01-01,99.9022010505326,GDP,US
1994-02-01,100.003713113208,GDP,US
1994-03-01,100.100910305049,GDP,US
1994-04-01,100.186384161365,GDP,US
1994-05-01,100.25193658295,GDP,US
1994-06-01,100.293247755747,GDP,US
1994-07-01,100.3157383671,GDP,US
1994-08-01,100.327041971763,GDP,US
1994-09-01,100.330647872543,GDP,US
1994-10-01,100.320192827312,GDP,US
1994-11-01,100.285318720676,GDP,US
1994-12-01,100.21833361291,GDP,US
1995-01-01,100.122387552778,GDP,US
1995-02-01,100.006328935808,GDP,US
1995-03-01,99.881503380302,GDP,US
1995-04-01,99.7598864882294,GDP,US
1995-05-01,99.6516639501113,GDP,US
1995-06-01,99.5624933502192,GDP,US
1995-07-01,99.4897037918445,GDP,US
1995-08-01,99.427836479555,GDP,US
1995-09-01,99.3728030557242,GDP,US
1995-10-01,99.3250756922398,GDP,US
1995-11-01,99.2890014522873,GDP,US
1995-12-01,99.271451612471,GDP,US
1996-01-01,99.279498651235,GDP,US
1996-02-01,99.3180800769884,GDP,US
1996-03-01,99.3856637364749,GDP,US
1996-04-01,99.467527097557,GDP,US
1996-05-01,99.54481702795,GDP,US
1996-06-01,99.6023624607206,GDP,US
1996-07-01,99.6366094762224,GDP,US
1996-08-01,99.650164444485,GDP,US
1996-09-01,99.6478291276532,GDP,US
1996-10-01,99.6339700892278,GDP,US
1996-11-01,99.6138242610783,GDP,US
1996-12-01,99.595487961229,GDP,US
1997-01-01,99.5922210588251,GDP,US
1997-02-01,99.6170178699047,GDP,US
1997-03-01,99.6760299584494,GDP,US
1997-04-01,99.7598629937373,GDP,US
1997-05-01,99.8522781744152,GDP,US
1997-06-01,99.9369244164886,GDP,US
1997-07-01,100.003319054316,GDP,US
1997-08-01,100.04569638767,GDP,US
1997-09-01,100.063047444961,GDP,US
1997-10-01,100.060764365764,GDP,US
1997-11-01,100.046550300839,GDP,US
1997-12-01,100.027693461225,GDP,US
1998-01-01,100.009174839861,GDP,US
1998-02-01,99.9950078390246,GDP,US
1998-03-01,99.989523239888,GDP,US
1998-04-01,99.998319563573,GDP,US
1998-05-01,100.027323402325,GDP,US
1998-06-01,100.080827976579,GDP,US
1998-07-01,100.158080669127,GDP,US
1998-08-01,100.254709950469,GDP,US
1998-09-01,100.36241552565,GDP,US
1998-10-01,100.467245750641,GDP,US
1998-11-01,100.554570305445,GDP,US
1998-12-01,100.614259435364,GDP,US
1999-01-01,100.647108995409,GDP,US
1999-02-01,100.660440889493,GDP,US
1999-03-01,100.665658874342,GDP,US
1999-04-01,100.677272506524,GDP,US
1999-05-01,100.709254998824,GDP,US
1999-06-01,100.771064459698,GDP,US
1999-07-01,100.862303360446,GDP,US
1999-08-01,100.976164988139,GDP,US
1999-09-01,101.100801952832,GDP,US
1999-10-01,101.21912882344,GDP,US
1999-11-01,101.316056843291,GDP,US
1999-12-01,101.386262241351,GDP,US
2000-01-01,101.443531230411,GDP,US
2000-02-01,101.505793016871,GDP,US
2000-03-01,101.581195956942,GDP,US
2000-04-01,101.653949346032,GDP,US
2000-05-01,101.698857932032,GDP,US
2000-06-01,101.696127722,GDP,US
2000-07-01,101.648206907707,GDP,US
2000-08-01,101.566497513149,GDP,US
2000-09-01,101.461439192157,GDP,US
2000-10-01,101.33524336544,GDP,US
2000-11-01,101.186352003963,GDP,US
2000-12-01,101.015534285588,GDP,US
2001-01-01,100.833681614684,GDP,US
2001-02-01,100.653215541522,GDP,US
2001-03-01,100.48055783717,GDP,US
2001-04-01,100.308761748283,GDP,US
2001-05-01,100.127028957959,GDP,US
2001-06-01,99.9301691645592,GDP,US
2001-07-01,99.7287517837688,GDP,US
2001-08-01,99.540728448715,GDP,US
2001-09-01,99.383622768636,GDP,US
2001-10-01,99.2659985369475,GDP,US
2001-11-01,99.1903527296041,GDP,US
2001-12-01,99.1531905608334,GDP,US
2002-01-01,99.1421032587826,GDP,US
2002-02-01,99.1418493047775,GDP,US
2002-03-01,99.1385433703282,GDP,US
2002-04-01,99.123069492481,GDP,US
2002-05-01,99.0896113872307,GDP,US
2002-06-01,99.0350517943234,GDP,US
2002-07-01,98.9596451861217,GDP,US
2002-08-01,98.8661110571856,GDP,US
2002-09-01,98.760208397813,GDP,US
2002-10-01,98.6525888410132,GDP,US
2002-11-01,98.5559362185333,GDP,US
2002-12-01,98.4822661222016,GDP,US
2003-01-01,98.4394736312606,GDP,US
2003-02-01,98.4339850431846,GDP,US
2003-03-01,98.4711544404289,GDP,US
2003-04-01,98.5529452505914,GDP,US
2003-05-01,98.6784640315035,GDP,US
2003-06-01,98.8412039383253,GDP,US
2003-07-01,99.0230280579304,GDP,US
2003-08-01,99.2017873057379,GDP,US
2003-09-01,99.357526013861,GDP,US
2003-10-01,99.478887211851,GDP,US
2003-11-01,99.560907125525,GDP,US
2003-12-01,99.6051890702626,GDP,US
2004-01-01,99.6228183327436,GDP,US
2004-02-01,99.6281196196556,GDP,US
2004-03-01,99.6343380824718,GDP,US
2004-04-01,99.6502545558183,GDP,US
2004-05-01,99.6813221453219,GDP,US
2004-06-01,99.7301370784579,GDP,US
2004-07-01,99.7958527014259,GDP,US
2004-08-01,99.8760668332837,GDP,US
2004-09-01,99.9675315545202,GDP,US
2004-10-01,100.065868000404,GDP,US
2004-11-01,100.165812288817,GDP,US
2004-12-01,100.261030461699,GDP,US
2005-01-01,100.343891283844,GDP,US
2005-02-01,100.407943574884,GDP,US
2005-03-01,100.451373220073,GDP,US
2005-04-01,100.481898121274,GDP,US
2005-05-01,100.510678275571,GDP,US
2005-06-01,100.547295639887,GDP,US
2005-07-01,100.595025404877,GDP,US
2005-08-01,100.654280693028,GDP,US
2005-09-01,100.725410732152,GDP,US
2005-10-01,100.810835651305,GDP,US
2005-11-01,100.911488010251,GDP,US
2005-12-01,101.022399286486,GDP,US
2006-01-01,101.127356010042,GDP,US
2006-02-01,101.207034903759,GDP,US
2006-03-01,101.24779113786,GDP,US
2006-04-01,101.252454733136,GDP,US
2006-05-01,101.232444411887,GDP,US
2006-06-01,101.202661673123,GDP,US
2006-07-01,101.178411123184,GDP,US
2006-08-01,101.171734461643,GDP,US
2006-09-01,101.187630217221,GDP,US
2006-10-01,101.219264796016,GDP,US
2006-11-01,101.255743385792,GDP,US
2006-12-01,101.288972734968,GDP,US
2007-01-01,101.320417712094,GDP,US
2007-02-01,101.356123002105,GDP,US
2007-03-01,101.402110894571,GDP,US
2007-04-01,101.459720168947,GDP,US
2007-05-01,101.527225646165,GDP,US
2007-06-01,101.600855263476,GDP,US
2007-07-01,101.675327044171,GDP,US
2007-08-01,101.743644919317,GDP,US
2007-09-01,101.79706025405,GDP,US
2007-10-01,101.825701066566,GDP,US
2007-11-01,101.821854157613,GDP,US
2007-12-01,101.785224054142,GDP,US
2008-01-01,101.730669311262,GDP,US
2008-02-01,101.674642438499,GDP,US
2008-03-01,101.623126171523,GDP,US
2008-04-01,101.559888725134,GDP,US
2008-05-01,101.456622476989,GDP,US
2008-06-01,101.284083266902,GDP,US
2008-07-01,101.02621207061,GDP,US
2008-08-01,100.678038947953,GDP,US
2008-09-01,100.249645512855,GDP,US
2008-10-01,99.7763399479963,GDP,US
2008-11-01,99.3022866763932,GDP,US
2008-12-01,98.8677865809982,GDP,US
2009-01-01,98.497112399624,GDP,US
2009-02-01,98.2049741872503,GDP,US
2009-03-01,97.9982781634545,GDP,US
2009-04-01,97.8721488182181,GDP,US
2009-05-01,97.8187721539588,GDP,US
2009-06-01,97.8302754711037,GDP,US
2009-07-01,97.8962972010074,GDP,US
2009-08-01,98.0065756246322,GDP,US
2009-09-01,98.1495215326931,GDP,US
2009-10-01,98.3074839912424,GDP,US
2009-11-01,98.4637199269775,GDP,US
2009-12-01,98.60820370393,GDP,US
2010-01-01,98.7434583232976,GDP,US
2010-02-01,98.8774581237572,GDP,US
2010-03-01,99.0169807947281,GDP,US
2010-04-01,99.1608444126622,GDP,US
2010-05-01,99.3030530292413,GDP,US
2010-06-01,99.4354681000515,GDP,US
2010-07-01,99.550437882008,GDP,US
2010-08-01,99.640507629907,GDP,US
2010-09-01,99.6992060456995,GDP,US
2010-10-01,99.723440693979,GDP,US
2010-11-01,99.7134355480879,GDP,US
2010-12-01,99.6749430001741,GDP,US
2011-01-01,99.6237012115154,GDP,US
2011-02-01,99.5771933910923,GDP,US
2011-03-01,99.5471973752518,GDP,US
2011-04-01,99.5318689077633,GDP,US
2011-05-01,99.5252197384993,GDP,US
2011-06-01,99.525319049752,GDP,US
2011-07-01,99.5416751472386,GDP,US
2011-08-01,99.5874886435475,GDP,US
2011-09-01,99.6705894826138,GDP,US
2011-10-01,99.7820507698424,GDP,US
2011-11-01,99.9051834014922,GDP,US
2011-12-01,100.022288648573,GDP,US
2012-01-01,100.120420573806,GDP,US
2012-02-01,100.190262562828,GDP,US
2012-03-01,100.226184972321,GDP,US
2012-04-01,100.228144478824,GDP,US
2012-05-01,100.198965143041,GDP,US
2012-06-01,100.143881142571,GDP,US
2012-07-01,100.072148774295,GDP,US
2012-08-01,99.9945638164649,GDP,US
2012-09-01,99.9220549302725,GDP,US
2012-10-01,99.8645871909164,GDP,US
2012-11-01,99.8291807192052,GDP,US
2012-12-01,99.8167344113414,GDP,US
2013-01-01,99.8171317691788,GDP,US
2013-02-01,99.8177335267752,GDP,US
2013-03-01,99.8107736279952,GDP,US
2013-04-01,99.800579343069,GDP,US
2013-05-01,99.7963257272327,GDP,US
2013-06-01,99.8049132714695,GDP,US
2013-07-01,99.8233121894528,GDP,US
2013-08-01,99.8428490789874,GDP,US
2013-09-01,99.8526436231472,GDP,US
2013-10-01,99.8428364933142,GDP,US
2013-11-01,99.8088025794412,GDP,US
2013-12-01,99.7566224854331,GDP,US
2014-01-01,99.7101155252598,GDP,US
2014-02-01,99.6979101543738,GDP,US
2014-03-01,99.7401282900419,GDP,US
2014-04-01,99.83254543359,GDP,US
2014-05-01,99.9587910484782,GDP,US
2014-06-01,100.098708738236,GDP,US
2014-07-01,100.234174788146,GDP,US
2014-08-01,100.351600301828,GDP,US
2014-09-01,100.444667372425,GDP,US
2014-10-01,100.518246212591,GDP,US
2014-11-01,100.581168837678,GDP,US
2014-12-01,100.640294438887,GDP,US
2015-01-01,100.695266023023,GDP,US
2015-02-01,100.741215999955,GDP,US
2015-03-01,100.771701399642,GDP,US
2015-04-01,100.782220865333,GDP,US
2015-05-01,100.769529703506,GDP,US
2015-06-01,100.732335079045,GDP,US
2015-07-01,100.67360104534,GDP,US
2015-08-01,100.598400164992,GDP,US
2015-09-01,100.51328819683,GDP,US
2015-10-01,100.426842954459,GDP,US
2015-11-01,100.346918452641,GDP,US
2015-12-01,100.278011526258,GDP,US
2016-01-01,100.218171289517,GDP,US
2016-02-01,100.163147522339,GDP,US
2016-03-01,100.109839074995,GDP,US
2016-04-01,100.059355792188,GDP,US
2016-05-01,100.014963673607,GDP,US
2016-06-01,99.9798218841062,GDP,US
2016-07-01,99.9542755200884,GDP,US
2016-08-01,99.9370710097344,GDP,US
2016-09-01,99.9258471991627,GDP,US
2016-10-01,99.9169945765539,GDP,US
2016-11-01,99.9067829150503,GDP,US
2016-12-01,99.8922807069297,GDP,US
2017-01-01,99.8723340468722,GDP,US
2017-02-01,99.8476394321167,GDP,US
2017-03-01,99.821172301476,GDP,US
2017-04-01,99.7989216446546,GDP,US
2017-05-01,99.7880557512147,GDP,US
2017-06-01,99.7947704774352,GDP,US
2017-07-01,99.8213015844346,GDP,US
2017-08-01,99.867616200927,GDP,US
2017-09-01,99.9316292250619,GDP,US
2017-10-01,100.007947121758,GDP,US
2017-11-01,100.089860123858,GDP,US
2017-12-01,100.170396646919,GDP,US
2018-01-01,100.242925816157,GDP,US
2018-02-01,100.301514380461,GDP,US
2018-03-01,100.34180997707,GDP,US
2018-04-01,100.362874766938,GDP,US
2018-05-01,100.365242058765,GDP,US
2018-06-01,100.350315858414,GDP,US
2018-07-01,100.32108024871,GDP,US
2018-08-01,100.281268685836,GDP,US
2018-09-01,100.23554348141,GDP,US
2018-10-01,100.190418002043,GDP,US
2018-11-01,100.15175316897,GDP,US
2018-12-01,100.122218599592,GDP,US
2019-01-01,100.098292369141,GDP,US
2019-02-01,100.074450455457,GDP,US
2019-03-01,100.046911968252,GDP,US
2019-04-01,100.017340032423,GDP,US
2019-05-01,99.9898854011966,GDP,US
2019-06-01,99.9683735837414,GDP,US
2019-07-01,99.9533379625205,GDP,US
2019-08-01,99.9438902043053,GDP,US
2019-09-01,99.9390945008357,GDP,US
2019-10-01,99.9389117139567,GDP,US
2019-11-01,99.9438633733242,GDP,US
2019-12-01,99.9543407441478,GDP,US
2020-01-01,99.9695206393694,GDP,US
2020-02-01,99.9880845281046,GDP,US
2020-03-01,95.202212310038,GDP,US
2020-04-01,92.2184989163702,GDP,US
2020-05-01,90.6534692969068,GDP,US
2020-06-01,92.3229760564867,GDP,US
2020-07-01,93.9843700091776,GDP,US
2020-08-01,95.6330670959534,GDP,US
2020-09-01,95.7419271371447,GDP,US
2020-10-01,95.8456735753122,GDP,US
2020-11-01,95.9453368877127,GDP,US
