DATE,BOERUKM
1694-11-01,6.00
1694-12-01,6.00
1695-01-01,4.50
1695-02-01,4.50
1695-03-01,4.50
1695-04-01,4.50
1695-05-01,4.50
1695-06-01,3.00
1695-07-01,3.00
1695-08-01,3.00
1695-09-01,3.00
1695-10-01,3.00
1695-11-01,3.00
1695-12-01,3.00
1696-01-01,3.00
1696-02-01,3.00
1696-03-01,3.00
1696-04-01,3.00
1696-05-01,3.00
1696-06-01,3.00
1696-07-01,3.00
1696-08-01,3.00
1696-09-01,3.00
1696-10-01,3.00
1696-11-01,3.00
1696-12-01,3.00
1697-01-01,3.00
1697-02-01,3.00
1697-03-01,3.00
1697-04-01,3.00
1697-05-01,3.00
1697-06-01,3.00
1697-07-01,3.00
1697-08-01,3.00
1697-09-01,3.00
1697-10-01,3.00
1697-11-01,3.00
1697-12-01,3.00
1698-01-01,3.00
1698-02-01,3.00
1698-03-01,3.00
1698-04-01,3.00
1698-05-01,3.00
1698-06-01,3.00
1698-07-01,3.00
1698-08-01,3.00
1698-09-01,3.00
1698-10-01,3.00
1698-11-01,3.00
1698-12-01,3.00
1699-01-01,3.00
1699-02-01,3.00
1699-03-01,3.00
1699-04-01,3.00
1699-05-01,3.00
1699-06-01,3.00
1699-07-01,4.50
1699-08-01,4.50
1699-09-01,4.50
1699-10-01,4.50
1699-11-01,4.50
1699-12-01,4.50
1700-01-01,4.50
1700-02-01,4.50
1700-03-01,4.50
1700-04-01,4.50
1700-05-01,4.50
1700-06-01,4.50
1700-07-01,4.50
1700-08-01,4.50
1700-09-01,4.50
1700-10-01,4.50
1700-11-01,4.50
1700-12-01,4.50
1701-01-01,4.50
1701-02-01,4.50
1701-03-01,4.50
1701-04-01,4.50
1701-05-01,4.50
1701-06-01,4.50
1701-07-01,4.50
1701-08-01,4.50
1701-09-01,4.50
1701-10-01,4.50
1701-11-01,4.50
1701-12-01,4.50
1702-01-01,4.50
1702-02-01,4.50
1702-03-01,4.50
1702-04-01,4.50
1702-05-01,4.50
1702-06-01,4.50
1702-07-01,4.50
1702-08-01,4.50
1702-09-01,4.50
1702-10-01,4.50
1702-11-01,4.50
1702-12-01,4.50
1703-01-01,4.50
1703-02-01,4.50
1703-03-01,4.50
1703-04-01,4.50
1703-05-01,4.50
1703-06-01,4.50
1703-07-01,4.50
1703-08-01,4.50
1703-09-01,4.50
1703-10-01,4.50
1703-11-01,4.50
1703-12-01,4.50
1704-01-01,4.50
1704-02-01,4.50
1704-03-01,4.50
1704-04-01,4.50
1704-05-01,4.50
1704-06-01,4.50
1704-07-01,4.50
1704-08-01,4.50
1704-09-01,4.50
1704-10-01,4.50
1704-11-01,4.50
1704-12-01,4.50
1705-01-01,4.50
1705-02-01,4.50
1705-03-01,4.50
1705-04-01,4.50
1705-05-01,4.50
1705-06-01,4.50
1705-07-01,4.50
1705-08-01,4.50
1705-09-01,4.50
1705-10-01,4.50
1705-11-01,4.50
1705-12-01,4.50
1706-01-01,4.50
1706-02-01,4.50
1706-03-01,4.50
1706-04-01,4.50
1706-05-01,4.50
1706-06-01,4.50
1706-07-01,4.50
1706-08-01,4.50
1706-09-01,4.50
1706-10-01,4.50
1706-11-01,4.50
1706-12-01,4.50
1707-01-01,4.50
1707-02-01,4.50
1707-03-01,4.50
1707-04-01,4.50
1707-05-01,4.50
1707-06-01,4.50
1707-07-01,4.50
1707-08-01,4.50
1707-09-01,4.50
1707-10-01,4.50
1707-11-01,4.50
1707-12-01,4.50
1708-01-01,4.50
1708-02-01,4.50
1708-03-01,4.50
1708-04-01,4.50
1708-05-01,4.50
1708-06-01,4.50
1708-07-01,4.50
1708-08-01,4.50
1708-09-01,4.50
1708-10-01,4.50
1708-11-01,4.50
1708-12-01,4.50
1709-01-01,4.50
1709-02-01,4.50
1709-03-01,4.50
1709-04-01,4.50
1709-05-01,4.50
1709-06-01,4.50
1709-07-01,4.50
1709-08-01,4.50
1709-09-01,4.50
1709-10-01,4.50
1709-11-01,4.50
1709-12-01,4.50
1710-01-01,4.50
1710-02-01,4.50
1710-03-01,4.50
1710-04-01,4.50
1710-05-01,4.50
1710-06-01,4.50
1710-07-01,4.50
1710-08-01,4.50
1710-09-01,4.50
1710-10-01,4.50
1710-11-01,4.50
1710-12-01,4.50
1711-01-01,4.50
1711-02-01,4.50
1711-03-01,4.50
1711-04-01,4.50
1711-05-01,4.50
1711-06-01,4.50
1711-07-01,4.50
1711-08-01,4.50
1711-09-01,4.50
1711-10-01,4.50
1711-11-01,4.50
1711-12-01,4.50
1712-01-01,4.50
1712-02-01,4.50
1712-03-01,4.50
1712-04-01,4.50
1712-05-01,4.50
1712-06-01,4.50
1712-07-01,4.50
1712-08-01,4.50
1712-09-01,4.50
1712-10-01,4.50
1712-11-01,4.50
1712-12-01,4.50
1713-01-01,4.50
1713-02-01,4.50
1713-03-01,4.50
1713-04-01,4.50
1713-05-01,4.50
1713-06-01,4.50
1713-07-01,4.50
1713-08-01,4.50
1713-09-01,4.50
1713-10-01,4.50
1713-11-01,4.50
1713-12-01,4.50
1714-01-01,4.50
1714-02-01,4.50
1714-03-01,4.50
1714-04-01,4.50
1714-05-01,4.50
1714-06-01,4.50
1714-07-01,4.50
1714-08-01,4.50
1714-09-01,4.50
1714-10-01,4.50
1714-11-01,4.50
1714-12-01,4.50
1715-01-01,4.50
1715-02-01,4.50
1715-03-01,4.50
1715-04-01,4.50
1715-05-01,4.50
1715-06-01,4.50
1715-07-01,4.50
1715-08-01,4.50
1715-09-01,4.50
1715-10-01,4.50
1715-11-01,4.50
1715-12-01,4.50
1716-01-01,4.50
1716-02-01,4.50
1716-03-01,4.50
1716-04-01,4.50
1716-05-01,4.50
1716-06-01,4.50
1716-07-01,4.50
1716-08-01,4.00
1716-09-01,4.00
1716-10-01,4.00
1716-11-01,4.00
1716-12-01,4.00
1717-01-01,4.00
1717-02-01,4.00
1717-03-01,4.00
1717-04-01,4.00
1717-05-01,4.00
1717-06-01,4.00
1717-07-01,4.00
1717-08-01,4.00
1717-09-01,4.00
1717-10-01,4.00
1717-11-01,4.00
1717-12-01,4.00
1718-01-01,4.00
1718-02-01,4.00
1718-03-01,4.00
1718-04-01,4.00
1718-05-01,4.00
1718-06-01,4.00
1718-07-01,4.00
1718-08-01,4.00
1718-09-01,4.00
1718-10-01,4.00
1718-11-01,4.00
1718-12-01,4.00
1719-01-01,4.00
1719-02-01,4.00
1719-03-01,4.00
1719-04-01,4.00
1719-05-01,5.00
1719-06-01,5.00
1719-07-01,5.00
1719-08-01,5.00
1719-09-01,5.00
1719-10-01,5.00
1719-11-01,5.00
1719-12-01,5.00
1720-01-01,5.00
1720-02-01,5.00
1720-03-01,5.00
1720-04-01,5.00
1720-05-01,5.00
1720-06-01,5.00
1720-07-01,5.00
1720-08-01,5.00
1720-09-01,5.00
1720-10-01,5.00
1720-11-01,5.00
1720-12-01,5.00
1721-01-01,5.00
1721-02-01,5.00
1721-03-01,5.00
1721-04-01,5.00
1721-05-01,5.00
1721-06-01,5.00
1721-07-01,5.00
1721-08-01,5.00
1721-09-01,5.00
1721-10-01,5.00
1721-11-01,5.00
1721-12-01,5.00
1722-01-01,5.00
1722-02-01,5.00
1722-03-01,5.00
1722-04-01,5.00
1722-05-01,5.00
1722-06-01,5.00
1722-07-01,5.00
1722-08-01,5.00
1722-09-01,5.00
1722-10-01,5.00
1722-11-01,5.00
1722-12-01,5.00
1723-01-01,5.00
1723-02-01,5.00
1723-03-01,5.00
1723-04-01,5.00
1723-05-01,5.00
1723-06-01,5.00
1723-07-01,5.00
1723-08-01,5.00
1723-09-01,5.00
1723-10-01,5.00
1723-11-01,5.00
1723-12-01,5.00
1724-01-01,5.00
1724-02-01,5.00
1724-03-01,5.00
1724-04-01,5.00
1724-05-01,5.00
1724-06-01,5.00
1724-07-01,5.00
1724-08-01,5.00
1724-09-01,5.00
1724-10-01,5.00
1724-11-01,5.00
1724-12-01,5.00
1725-01-01,5.00
1725-02-01,5.00
1725-03-01,5.00
1725-04-01,5.00
1725-05-01,5.00
1725-06-01,5.00
1725-07-01,5.00
1725-08-01,5.00
1725-09-01,5.00
1725-10-01,5.00
1725-11-01,5.00
1725-12-01,5.00
1726-01-01,5.00
1726-02-01,5.00
1726-03-01,5.00
1726-04-01,5.00
1726-05-01,5.00
1726-06-01,5.00
1726-07-01,5.00
1726-08-01,5.00
1726-09-01,5.00
1726-10-01,5.00
1726-11-01,5.00
1726-12-01,5.00
1727-01-01,5.00
1727-02-01,5.00
1727-03-01,5.00
1727-04-01,5.00
1727-05-01,5.00
1727-06-01,5.00
1727-07-01,5.00
1727-08-01,5.00
1727-09-01,5.00
1727-10-01,5.00
1727-11-01,5.00
1727-12-01,5.00
1728-01-01,5.00
1728-02-01,5.00
1728-03-01,5.00
1728-04-01,5.00
1728-05-01,5.00
1728-06-01,5.00
1728-07-01,5.00
1728-08-01,5.00
1728-09-01,5.00
1728-10-01,5.00
1728-11-01,5.00
1728-12-01,5.00
1729-01-01,5.00
1729-02-01,5.00
1729-03-01,5.00
1729-04-01,5.00
1729-05-01,5.00
1729-06-01,5.00
1729-07-01,5.00
1729-08-01,5.00
1729-09-01,5.00
1729-10-01,5.00
1729-11-01,5.00
1729-12-01,5.00
1730-01-01,5.00
1730-02-01,5.00
1730-03-01,5.00
1730-04-01,5.00
1730-05-01,5.00
1730-06-01,5.00
1730-07-01,5.00
1730-08-01,5.00
1730-09-01,5.00
1730-10-01,5.00
1730-11-01,5.00
1730-12-01,5.00
1731-01-01,5.00
1731-02-01,5.00
1731-03-01,5.00
1731-04-01,5.00
1731-05-01,5.00
1731-06-01,5.00
1731-07-01,5.00
1731-08-01,5.00
1731-09-01,5.00
1731-10-01,5.00
1731-11-01,5.00
1731-12-01,5.00
1732-01-01,5.00
1732-02-01,5.00
1732-03-01,5.00
1732-04-01,5.00
1732-05-01,5.00
1732-06-01,5.00
1732-07-01,5.00
1732-08-01,5.00
1732-09-01,5.00
1732-10-01,5.00
1732-11-01,5.00
1732-12-01,5.00
1733-01-01,5.00
1733-02-01,5.00
1733-03-01,5.00
1733-04-01,5.00
1733-05-01,5.00
1733-06-01,5.00
1733-07-01,5.00
1733-08-01,5.00
1733-09-01,5.00
1733-10-01,5.00
1733-11-01,5.00
1733-12-01,5.00
1734-01-01,5.00
1734-02-01,5.00
1734-03-01,5.00
1734-04-01,5.00
1734-05-01,5.00
1734-06-01,5.00
1734-07-01,5.00
1734-08-01,5.00
1734-09-01,5.00
1734-10-01,5.00
1734-11-01,5.00
1734-12-01,5.00
1735-01-01,5.00
1735-02-01,5.00
1735-03-01,5.00
1735-04-01,5.00
1735-05-01,5.00
1735-06-01,5.00
1735-07-01,5.00
1735-08-01,5.00
1735-09-01,5.00
1735-10-01,5.00
1735-11-01,5.00
1735-12-01,5.00
1736-01-01,5.00
1736-02-01,5.00
1736-03-01,5.00
1736-04-01,5.00
1736-05-01,5.00
1736-06-01,5.00
1736-07-01,5.00
1736-08-01,5.00
1736-09-01,5.00
1736-10-01,5.00
1736-11-01,5.00
1736-12-01,5.00
1737-01-01,5.00
1737-02-01,5.00
1737-03-01,5.00
1737-04-01,5.00
1737-05-01,5.00
1737-06-01,5.00
1737-07-01,5.00
1737-08-01,5.00
1737-09-01,5.00
1737-10-01,5.00
1737-11-01,5.00
1737-12-01,5.00
1738-01-01,5.00
1738-02-01,5.00
1738-03-01,5.00
1738-04-01,5.00
1738-05-01,5.00
1738-06-01,5.00
1738-07-01,5.00
1738-08-01,5.00
1738-09-01,5.00
1738-10-01,5.00
1738-11-01,5.00
1738-12-01,5.00
1739-01-01,5.00
1739-02-01,5.00
1739-03-01,5.00
1739-04-01,5.00
1739-05-01,5.00
1739-06-01,5.00
1739-07-01,5.00
1739-08-01,5.00
1739-09-01,5.00
1739-10-01,5.00
1739-11-01,5.00
1739-12-01,5.00
1740-01-01,5.00
1740-02-01,5.00
1740-03-01,5.00
1740-04-01,5.00
1740-05-01,5.00
1740-06-01,5.00
1740-07-01,5.00
1740-08-01,5.00
1740-09-01,5.00
1740-10-01,5.00
1740-11-01,5.00
1740-12-01,5.00
1741-01-01,5.00
1741-02-01,5.00
1741-03-01,5.00
1741-04-01,5.00
1741-05-01,5.00
1741-06-01,5.00
1741-07-01,5.00
1741-08-01,5.00
1741-09-01,5.00
1741-10-01,5.00
1741-11-01,5.00
1741-12-01,5.00
1742-01-01,5.00
1742-02-01,5.00
1742-03-01,5.00
1742-04-01,5.00
1742-05-01,5.00
1742-06-01,5.00
1742-07-01,5.00
1742-08-01,5.00
1742-09-01,5.00
1742-10-01,5.00
1742-11-01,5.00
1742-12-01,5.00
1743-01-01,5.00
1743-02-01,5.00
1743-03-01,5.00
1743-04-01,5.00
1743-05-01,5.00
1743-06-01,5.00
1743-07-01,5.00
1743-08-01,5.00
1743-09-01,5.00
1743-10-01,5.00
1743-11-01,5.00
1743-12-01,5.00
1744-01-01,5.00
1744-02-01,5.00
1744-03-01,5.00
1744-04-01,5.00
1744-05-01,5.00
1744-06-01,5.00
1744-07-01,5.00
1744-08-01,5.00
1744-09-01,5.00
1744-10-01,5.00
1744-11-01,5.00
1744-12-01,5.00
1745-01-01,5.00
1745-02-01,5.00
1745-03-01,5.00
1745-04-01,5.00
1745-05-01,5.00
1745-06-01,5.00
1745-07-01,5.00
1745-08-01,5.00
1745-09-01,5.00
1745-10-01,5.00
1745-11-01,5.00
1745-12-01,5.00
1746-01-01,5.00
1746-02-01,5.00
1746-03-01,5.00
1746-04-01,5.00
1746-05-01,5.00
1746-06-01,5.00
1746-07-01,5.00
1746-08-01,5.00
1746-09-01,5.00
1746-10-01,5.00
1746-11-01,5.00
1746-12-01,5.00
1747-01-01,5.00
1747-02-01,5.00
1747-03-01,5.00
1747-04-01,5.00
1747-05-01,5.00
1747-06-01,5.00
1747-07-01,5.00
1747-08-01,5.00
1747-09-01,5.00
1747-10-01,5.00
1747-11-01,5.00
1747-12-01,5.00
1748-01-01,5.00
1748-02-01,5.00
1748-03-01,5.00
1748-04-01,5.00
1748-05-01,5.00
1748-06-01,5.00
1748-07-01,5.00
1748-08-01,5.00
1748-09-01,5.00
1748-10-01,5.00
1748-11-01,5.00
1748-12-01,5.00
1749-01-01,5.00
1749-02-01,5.00
1749-03-01,5.00
1749-04-01,5.00
1749-05-01,5.00
1749-06-01,5.00
1749-07-01,5.00
1749-08-01,5.00
1749-09-01,5.00
1749-10-01,5.00
1749-11-01,5.00
1749-12-01,5.00
1750-01-01,5.00
1750-02-01,5.00
1750-03-01,5.00
1750-04-01,5.00
1750-05-01,5.00
1750-06-01,5.00
1750-07-01,5.00
1750-08-01,5.00
1750-09-01,5.00
1750-10-01,5.00
1750-11-01,5.00
1750-12-01,5.00
1751-01-01,5.00
1751-02-01,5.00
1751-03-01,5.00
1751-04-01,5.00
1751-05-01,5.00
1751-06-01,5.00
1751-07-01,5.00
1751-08-01,5.00
1751-09-01,5.00
1751-10-01,5.00
1751-11-01,5.00
1751-12-01,5.00
1752-01-01,5.00
1752-02-01,5.00
1752-03-01,5.00
1752-04-01,5.00
1752-05-01,5.00
1752-06-01,5.00
1752-07-01,5.00
1752-08-01,5.00
1752-09-01,5.00
1752-10-01,5.00
1752-11-01,5.00
1752-12-01,5.00
1753-01-01,5.00
1753-02-01,5.00
1753-03-01,5.00
1753-04-01,5.00
1753-05-01,5.00
1753-06-01,5.00
1753-07-01,5.00
1753-08-01,5.00
1753-09-01,5.00
1753-10-01,5.00
1753-11-01,5.00
1753-12-01,5.00
1754-01-01,5.00
1754-02-01,5.00
1754-03-01,5.00
1754-04-01,5.00
1754-05-01,5.00
1754-06-01,5.00
1754-07-01,5.00
1754-08-01,5.00
1754-09-01,5.00
1754-10-01,5.00
1754-11-01,5.00
1754-12-01,5.00
1755-01-01,5.00
1755-02-01,5.00
1755-03-01,5.00
1755-04-01,5.00
1755-05-01,5.00
1755-06-01,5.00
1755-07-01,5.00
1755-08-01,5.00
1755-09-01,5.00
1755-10-01,5.00
1755-11-01,5.00
1755-12-01,5.00
1756-01-01,5.00
1756-02-01,5.00
1756-03-01,5.00
1756-04-01,5.00
1756-05-01,5.00
1756-06-01,5.00
1756-07-01,5.00
1756-08-01,5.00
1756-09-01,5.00
1756-10-01,5.00
1756-11-01,5.00
1756-12-01,5.00
1757-01-01,5.00
1757-02-01,5.00
1757-03-01,5.00
1757-04-01,5.00
1757-05-01,5.00
1757-06-01,5.00
1757-07-01,5.00
1757-08-01,5.00
1757-09-01,5.00
1757-10-01,5.00
1757-11-01,5.00
1757-12-01,5.00
1758-01-01,5.00
1758-02-01,5.00
1758-03-01,5.00
1758-04-01,5.00
1758-05-01,5.00
1758-06-01,5.00
1758-07-01,5.00
1758-08-01,5.00
1758-09-01,5.00
1758-10-01,5.00
1758-11-01,5.00
1758-12-01,5.00
1759-01-01,5.00
1759-02-01,5.00
1759-03-01,5.00
1759-04-01,5.00
1759-05-01,5.00
1759-06-01,5.00
1759-07-01,5.00
1759-08-01,5.00
1759-09-01,5.00
1759-10-01,5.00
1759-11-01,5.00
1759-12-01,5.00
1760-01-01,5.00
1760-02-01,5.00
1760-03-01,5.00
1760-04-01,5.00
1760-05-01,5.00
1760-06-01,5.00
1760-07-01,5.00
1760-08-01,5.00
1760-09-01,5.00
1760-10-01,5.00
1760-11-01,5.00
1760-12-01,5.00
1761-01-01,5.00
1761-02-01,5.00
1761-03-01,5.00
1761-04-01,5.00
1761-05-01,5.00
1761-06-01,5.00
1761-07-01,5.00
1761-08-01,5.00
1761-09-01,5.00
1761-10-01,5.00
1761-11-01,5.00
1761-12-01,5.00
1762-01-01,5.00
1762-02-01,5.00
1762-03-01,5.00
1762-04-01,5.00
1762-05-01,5.00
1762-06-01,5.00
1762-07-01,5.00
1762-08-01,5.00
1762-09-01,5.00
1762-10-01,5.00
1762-11-01,5.00
1762-12-01,5.00
1763-01-01,5.00
1763-02-01,5.00
1763-03-01,5.00
1763-04-01,5.00
1763-05-01,5.00
1763-06-01,5.00
1763-07-01,5.00
1763-08-01,5.00
1763-09-01,5.00
1763-10-01,5.00
1763-11-01,5.00
1763-12-01,5.00
1764-01-01,5.00
1764-02-01,5.00
1764-03-01,5.00
1764-04-01,5.00
1764-05-01,5.00
1764-06-01,5.00
1764-07-01,5.00
1764-08-01,5.00
1764-09-01,5.00
1764-10-01,5.00
1764-11-01,5.00
1764-12-01,5.00
1765-01-01,5.00
1765-02-01,5.00
1765-03-01,5.00
1765-04-01,5.00
1765-05-01,5.00
1765-06-01,5.00
1765-07-01,5.00
1765-08-01,5.00
1765-09-01,5.00
1765-10-01,5.00
1765-11-01,5.00
1765-12-01,5.00
1766-01-01,5.00
1766-02-01,5.00
1766-03-01,5.00
1766-04-01,5.00
1766-05-01,5.00
1766-06-01,5.00
1766-07-01,5.00
1766-08-01,5.00
1766-09-01,5.00
1766-10-01,5.00
1766-11-01,5.00
1766-12-01,5.00
1767-01-01,5.00
1767-02-01,5.00
1767-03-01,5.00
1767-04-01,5.00
1767-05-01,5.00
1767-06-01,5.00
1767-07-01,5.00
1767-08-01,5.00
1767-09-01,5.00
1767-10-01,5.00
1767-11-01,5.00
1767-12-01,5.00
1768-01-01,5.00
1768-02-01,5.00
1768-03-01,5.00
1768-04-01,5.00
1768-05-01,5.00
1768-06-01,5.00
1768-07-01,5.00
1768-08-01,5.00
1768-09-01,5.00
1768-10-01,5.00
1768-11-01,5.00
1768-12-01,5.00
1769-01-01,5.00
1769-02-01,5.00
1769-03-01,5.00
1769-04-01,5.00
1769-05-01,5.00
1769-06-01,5.00
1769-07-01,5.00
1769-08-01,5.00
1769-09-01,5.00
1769-10-01,5.00
1769-11-01,5.00
1769-12-01,5.00
1770-01-01,5.00
1770-02-01,5.00
1770-03-01,5.00
1770-04-01,5.00
1770-05-01,5.00
1770-06-01,5.00
1770-07-01,5.00
1770-08-01,5.00
1770-09-01,5.00
1770-10-01,5.00
1770-11-01,5.00
1770-12-01,5.00
1771-01-01,5.00
1771-02-01,5.00
1771-03-01,5.00
1771-04-01,5.00
1771-05-01,5.00
1771-06-01,5.00
1771-07-01,5.00
1771-08-01,5.00
1771-09-01,5.00
1771-10-01,5.00
1771-11-01,5.00
1771-12-01,5.00
1772-01-01,5.00
1772-02-01,5.00
1772-03-01,5.00
1772-04-01,5.00
1772-05-01,5.00
1772-06-01,5.00
1772-07-01,5.00
1772-08-01,5.00
1772-09-01,5.00
1772-10-01,5.00
1772-11-01,5.00
1772-12-01,5.00
1773-01-01,5.00
1773-02-01,5.00
1773-03-01,5.00
1773-04-01,5.00
1773-05-01,5.00
1773-06-01,5.00
1773-07-01,5.00
1773-08-01,5.00
1773-09-01,5.00
1773-10-01,5.00
1773-11-01,5.00
1773-12-01,5.00
1774-01-01,5.00
1774-02-01,5.00
1774-03-01,5.00
1774-04-01,5.00
1774-05-01,5.00
1774-06-01,5.00
1774-07-01,5.00
1774-08-01,5.00
1774-09-01,5.00
1774-10-01,5.00
1774-11-01,5.00
1774-12-01,5.00
1775-01-01,5.00
1775-02-01,5.00
1775-03-01,5.00
1775-04-01,5.00
1775-05-01,5.00
1775-06-01,5.00
1775-07-01,5.00
1775-08-01,5.00
1775-09-01,5.00
1775-10-01,5.00
1775-11-01,5.00
1775-12-01,5.00
1776-01-01,5.00
1776-02-01,5.00
1776-03-01,5.00
1776-04-01,5.00
1776-05-01,5.00
1776-06-01,5.00
1776-07-01,5.00
1776-08-01,5.00
1776-09-01,5.00
1776-10-01,5.00
1776-11-01,5.00
1776-12-01,5.00
1777-01-01,5.00
1777-02-01,5.00
1777-03-01,5.00
1777-04-01,5.00
1777-05-01,5.00
1777-06-01,5.00
1777-07-01,5.00
1777-08-01,5.00
1777-09-01,5.00
1777-10-01,5.00
1777-11-01,5.00
1777-12-01,5.00
1778-01-01,5.00
1778-02-01,5.00
1778-03-01,5.00
1778-04-01,5.00
1778-05-01,5.00
1778-06-01,5.00
1778-07-01,5.00
1778-08-01,5.00
1778-09-01,5.00
1778-10-01,5.00
1778-11-01,5.00
1778-12-01,5.00
1779-01-01,5.00
1779-02-01,5.00
1779-03-01,5.00
1779-04-01,5.00
1779-05-01,5.00
1779-06-01,5.00
1779-07-01,5.00
1779-08-01,5.00
1779-09-01,5.00
1779-10-01,5.00
1779-11-01,5.00
1779-12-01,5.00
1780-01-01,5.00
1780-02-01,5.00
1780-03-01,5.00
1780-04-01,5.00
1780-05-01,5.00
1780-06-01,5.00
1780-07-01,5.00
1780-08-01,5.00
1780-09-01,5.00
1780-10-01,5.00
1780-11-01,5.00
1780-12-01,5.00
1781-01-01,5.00
1781-02-01,5.00
1781-03-01,5.00
1781-04-01,5.00
1781-05-01,5.00
1781-06-01,5.00
1781-07-01,5.00
1781-08-01,5.00
1781-09-01,5.00
1781-10-01,5.00
1781-11-01,5.00
1781-12-01,5.00
1782-01-01,5.00
1782-02-01,5.00
1782-03-01,5.00
1782-04-01,5.00
1782-05-01,5.00
1782-06-01,5.00
1782-07-01,5.00
1782-08-01,5.00
1782-09-01,5.00
1782-10-01,5.00
1782-11-01,5.00
1782-12-01,5.00
1783-01-01,5.00
1783-02-01,5.00
1783-03-01,5.00
1783-04-01,5.00
1783-05-01,5.00
1783-06-01,5.00
1783-07-01,5.00
1783-08-01,5.00
1783-09-01,5.00
1783-10-01,5.00
1783-11-01,5.00
1783-12-01,5.00
1784-01-01,5.00
1784-02-01,5.00
1784-03-01,5.00
1784-04-01,5.00
1784-05-01,5.00
1784-06-01,5.00
1784-07-01,5.00
1784-08-01,5.00
1784-09-01,5.00
1784-10-01,5.00
1784-11-01,5.00
1784-12-01,5.00
1785-01-01,5.00
1785-02-01,5.00
1785-03-01,5.00
1785-04-01,5.00
1785-05-01,5.00
1785-06-01,5.00
1785-07-01,5.00
1785-08-01,5.00
1785-09-01,5.00
1785-10-01,5.00
1785-11-01,5.00
1785-12-01,5.00
1786-01-01,5.00
1786-02-01,5.00
1786-03-01,5.00
1786-04-01,5.00
1786-05-01,5.00
1786-06-01,5.00
1786-07-01,5.00
1786-08-01,5.00
1786-09-01,5.00
1786-10-01,5.00
1786-11-01,5.00
1786-12-01,5.00
1787-01-01,5.00
1787-02-01,5.00
1787-03-01,5.00
1787-04-01,5.00
1787-05-01,5.00
1787-06-01,5.00
1787-07-01,5.00
1787-08-01,5.00
1787-09-01,5.00
1787-10-01,5.00
1787-11-01,5.00
1787-12-01,5.00
1788-01-01,5.00
1788-02-01,5.00
1788-03-01,5.00
1788-04-01,5.00
1788-05-01,5.00
1788-06-01,5.00
1788-07-01,5.00
1788-08-01,5.00
1788-09-01,5.00
1788-10-01,5.00
1788-11-01,5.00
1788-12-01,5.00
1789-01-01,5.00
1789-02-01,5.00
1789-03-01,5.00
1789-04-01,5.00
1789-05-01,5.00
1789-06-01,5.00
1789-07-01,5.00
1789-08-01,5.00
1789-09-01,5.00
1789-10-01,5.00
1789-11-01,5.00
1789-12-01,5.00
1790-01-01,5.00
1790-02-01,5.00
1790-03-01,5.00
1790-04-01,5.00
1790-05-01,5.00
1790-06-01,5.00
1790-07-01,5.00
1790-08-01,5.00
1790-09-01,5.00
1790-10-01,5.00
1790-11-01,5.00
1790-12-01,5.00
1791-01-01,5.00
1791-02-01,5.00
1791-03-01,5.00
1791-04-01,5.00
1791-05-01,5.00
1791-06-01,5.00
1791-07-01,5.00
1791-08-01,5.00
1791-09-01,5.00
1791-10-01,5.00
1791-11-01,5.00
1791-12-01,5.00
1792-01-01,5.00
1792-02-01,5.00
1792-03-01,5.00
1792-04-01,5.00
1792-05-01,5.00
1792-06-01,5.00
1792-07-01,5.00
1792-08-01,5.00
1792-09-01,5.00
1792-10-01,5.00
1792-11-01,5.00
1792-12-01,5.00
1793-01-01,5.00
1793-02-01,5.00
1793-03-01,5.00
1793-04-01,5.00
1793-05-01,5.00
1793-06-01,5.00
1793-07-01,5.00
1793-08-01,5.00
1793-09-01,5.00
1793-10-01,5.00
1793-11-01,5.00
1793-12-01,5.00
1794-01-01,5.00
1794-02-01,5.00
1794-03-01,5.00
1794-04-01,5.00
1794-05-01,5.00
1794-06-01,5.00
1794-07-01,5.00
1794-08-01,5.00
1794-09-01,5.00
1794-10-01,5.00
1794-11-01,5.00
1794-12-01,5.00
1795-01-01,5.00
1795-02-01,5.00
1795-03-01,5.00
1795-04-01,5.00
1795-05-01,5.00
1795-06-01,5.00
1795-07-01,5.00
1795-08-01,5.00
1795-09-01,5.00
1795-10-01,5.00
1795-11-01,5.00
1795-12-01,5.00
1796-01-01,5.00
1796-02-01,5.00
1796-03-01,5.00
1796-04-01,5.00
1796-05-01,5.00
1796-06-01,5.00
1796-07-01,5.00
1796-08-01,5.00
1796-09-01,5.00
1796-10-01,5.00
1796-11-01,5.00
1796-12-01,5.00
1797-01-01,5.00
1797-02-01,5.00
1797-03-01,5.00
1797-04-01,5.00
1797-05-01,5.00
1797-06-01,5.00
1797-07-01,5.00
1797-08-01,5.00
1797-09-01,5.00
1797-10-01,5.00
1797-11-01,5.00
1797-12-01,5.00
1798-01-01,5.00
1798-02-01,5.00
1798-03-01,5.00
1798-04-01,5.00
1798-05-01,5.00
1798-06-01,5.00
1798-07-01,5.00
1798-08-01,5.00
1798-09-01,5.00
1798-10-01,5.00
1798-11-01,5.00
1798-12-01,5.00
1799-01-01,5.00
1799-02-01,5.00
1799-03-01,5.00
1799-04-01,5.00
1799-05-01,5.00
1799-06-01,5.00
1799-07-01,5.00
1799-08-01,5.00
1799-09-01,5.00
1799-10-01,5.00
1799-11-01,5.00
1799-12-01,5.00
1800-01-01,5.00
1800-02-01,5.00
1800-03-01,5.00
1800-04-01,5.00
1800-05-01,5.00
1800-06-01,5.00
1800-07-01,5.00
1800-08-01,5.00
1800-09-01,5.00
1800-10-01,5.00
1800-11-01,5.00
1800-12-01,5.00
1801-01-01,5.00
1801-02-01,5.00
1801-03-01,5.00
1801-04-01,5.00
1801-05-01,5.00
1801-06-01,5.00
1801-07-01,5.00
1801-08-01,5.00
1801-09-01,5.00
1801-10-01,5.00
1801-11-01,5.00
1801-12-01,5.00
1802-01-01,5.00
1802-02-01,5.00
1802-03-01,5.00
1802-04-01,5.00
1802-05-01,5.00
1802-06-01,5.00
1802-07-01,5.00
1802-08-01,5.00
1802-09-01,5.00
1802-10-01,5.00
1802-11-01,5.00
1802-12-01,5.00
1803-01-01,5.00
1803-02-01,5.00
1803-03-01,5.00
1803-04-01,5.00
1803-05-01,5.00
1803-06-01,5.00
1803-07-01,5.00
1803-08-01,5.00
1803-09-01,5.00
1803-10-01,5.00
1803-11-01,5.00
1803-12-01,5.00
1804-01-01,5.00
1804-02-01,5.00
1804-03-01,5.00
1804-04-01,5.00
1804-05-01,5.00
1804-06-01,5.00
1804-07-01,5.00
1804-08-01,5.00
1804-09-01,5.00
1804-10-01,5.00
1804-11-01,5.00
1804-12-01,5.00
1805-01-01,5.00
1805-02-01,5.00
1805-03-01,5.00
1805-04-01,5.00
1805-05-01,5.00
1805-06-01,5.00
1805-07-01,5.00
1805-08-01,5.00
1805-09-01,5.00
1805-10-01,5.00
1805-11-01,5.00
1805-12-01,5.00
1806-01-01,5.00
1806-02-01,5.00
1806-03-01,5.00
1806-04-01,5.00
1806-05-01,5.00
1806-06-01,5.00
1806-07-01,5.00
1806-08-01,5.00
1806-09-01,5.00
1806-10-01,5.00
1806-11-01,5.00
1806-12-01,5.00
1807-01-01,5.00
1807-02-01,5.00
1807-03-01,5.00
1807-04-01,5.00
1807-05-01,5.00
1807-06-01,5.00
1807-07-01,5.00
1807-08-01,5.00
1807-09-01,5.00
1807-10-01,5.00
1807-11-01,5.00
1807-12-01,5.00
1808-01-01,5.00
1808-02-01,5.00
1808-03-01,5.00
1808-04-01,5.00
1808-05-01,5.00
1808-06-01,5.00
1808-07-01,5.00
1808-08-01,5.00
1808-09-01,5.00
1808-10-01,5.00
1808-11-01,5.00
1808-12-01,5.00
1809-01-01,5.00
1809-02-01,5.00
1809-03-01,5.00
1809-04-01,5.00
1809-05-01,5.00
1809-06-01,5.00
1809-07-01,5.00
1809-08-01,5.00
1809-09-01,5.00
1809-10-01,5.00
1809-11-01,5.00
1809-12-01,5.00
1810-01-01,5.00
1810-02-01,5.00
1810-03-01,5.00
1810-04-01,5.00
1810-05-01,5.00
1810-06-01,5.00
1810-07-01,5.00
1810-08-01,5.00
1810-09-01,5.00
1810-10-01,5.00
1810-11-01,5.00
1810-12-01,5.00
1811-01-01,5.00
1811-02-01,5.00
1811-03-01,5.00
1811-04-01,5.00
1811-05-01,5.00
1811-06-01,5.00
1811-07-01,5.00
1811-08-01,5.00
1811-09-01,5.00
1811-10-01,5.00
1811-11-01,5.00
1811-12-01,5.00
1812-01-01,5.00
1812-02-01,5.00
1812-03-01,5.00
1812-04-01,5.00
1812-05-01,5.00
1812-06-01,5.00
1812-07-01,5.00
1812-08-01,5.00
1812-09-01,5.00
1812-10-01,5.00
1812-11-01,5.00
1812-12-01,5.00
1813-01-01,5.00
1813-02-01,5.00
1813-03-01,5.00
1813-04-01,5.00
1813-05-01,5.00
1813-06-01,5.00
1813-07-01,5.00
1813-08-01,5.00
1813-09-01,5.00
1813-10-01,5.00
1813-11-01,5.00
1813-12-01,5.00
1814-01-01,5.00
1814-02-01,5.00
1814-03-01,5.00
1814-04-01,5.00
1814-05-01,5.00
1814-06-01,5.00
1814-07-01,5.00
1814-08-01,5.00
1814-09-01,5.00
1814-10-01,5.00
1814-11-01,5.00
1814-12-01,5.00
1815-01-01,5.00
1815-02-01,5.00
1815-03-01,5.00
1815-04-01,5.00
1815-05-01,5.00
1815-06-01,5.00
1815-07-01,5.00
1815-08-01,5.00
1815-09-01,5.00
1815-10-01,5.00
1815-11-01,5.00
1815-12-01,5.00
1816-01-01,5.00
1816-02-01,5.00
1816-03-01,5.00
1816-04-01,5.00
1816-05-01,5.00
1816-06-01,5.00
1816-07-01,5.00
1816-08-01,5.00
1816-09-01,5.00
1816-10-01,5.00
1816-11-01,5.00
1816-12-01,5.00
1817-01-01,5.00
1817-02-01,5.00
1817-03-01,5.00
1817-04-01,5.00
1817-05-01,5.00
1817-06-01,5.00
1817-07-01,5.00
1817-08-01,5.00
1817-09-01,5.00
1817-10-01,5.00
1817-11-01,5.00
1817-12-01,5.00
1818-01-01,5.00
1818-02-01,5.00
1818-03-01,5.00
1818-04-01,5.00
1818-05-01,5.00
1818-06-01,5.00
1818-07-01,5.00
1818-08-01,5.00
1818-09-01,5.00
1818-10-01,5.00
1818-11-01,5.00
1818-12-01,5.00
1819-01-01,5.00
1819-02-01,5.00
1819-03-01,5.00
1819-04-01,5.00
1819-05-01,5.00
1819-06-01,5.00
1819-07-01,5.00
1819-08-01,5.00
1819-09-01,5.00
1819-10-01,5.00
1819-11-01,5.00
1819-12-01,5.00
1820-01-01,5.00
1820-02-01,5.00
1820-03-01,5.00
1820-04-01,5.00
1820-05-01,5.00
1820-06-01,5.00
1820-07-01,5.00
1820-08-01,5.00
1820-09-01,5.00
1820-10-01,5.00
1820-11-01,5.00
1820-12-01,5.00
1821-01-01,5.00
1821-02-01,5.00
1821-03-01,5.00
1821-04-01,5.00
1821-05-01,5.00
1821-06-01,5.00
1821-07-01,5.00
1821-08-01,5.00
1821-09-01,5.00
1821-10-01,5.00
1821-11-01,5.00
1821-12-01,5.00
1822-01-01,5.00
1822-02-01,5.00
1822-03-01,5.00
1822-04-01,5.00
1822-05-01,5.00
1822-06-01,4.00
1822-07-01,4.00
1822-08-01,4.00
1822-09-01,4.00
1822-10-01,4.00
1822-11-01,4.00
1822-12-01,4.00
1823-01-01,4.00
1823-02-01,4.00
1823-03-01,4.00
1823-04-01,4.00
1823-05-01,4.00
1823-06-01,4.00
1823-07-01,4.00
1823-08-01,4.00
1823-09-01,4.00
1823-10-01,4.00
1823-11-01,4.00
1823-12-01,4.00
1824-01-01,4.00
1824-02-01,4.00
1824-03-01,4.00
1824-04-01,4.00
1824-05-01,4.00
1824-06-01,4.00
1824-07-01,4.00
1824-08-01,4.00
1824-09-01,4.00
1824-10-01,4.00
1824-11-01,4.00
1824-12-01,4.00
1825-01-01,4.00
1825-02-01,4.00
1825-03-01,4.00
1825-04-01,4.00
1825-05-01,4.00
1825-06-01,4.00
1825-07-01,4.00
1825-08-01,4.00
1825-09-01,4.00
1825-10-01,4.00
1825-11-01,4.00
1825-12-01,5.00
1826-01-01,5.00
1826-02-01,5.00
1826-03-01,5.00
1826-04-01,5.00
1826-05-01,5.00
1826-06-01,5.00
1826-07-01,5.00
1826-08-01,5.00
1826-09-01,5.00
1826-10-01,5.00
1826-11-01,5.00
1826-12-01,5.00
1827-01-01,5.00
1827-02-01,5.00
1827-03-01,5.00
1827-04-01,5.00
1827-05-01,5.00
1827-06-01,5.00
1827-07-01,4.00
1827-08-01,4.00
1827-09-01,4.00
1827-10-01,4.00
1827-11-01,4.00
1827-12-01,4.00
1828-01-01,4.00
1828-02-01,4.00
1828-03-01,4.00
1828-04-01,4.00
1828-05-01,4.00
1828-06-01,4.00
1828-07-01,4.00
1828-08-01,4.00
1828-09-01,4.00
1828-10-01,4.00
1828-11-01,4.00
1828-12-01,4.00
1829-01-01,4.00
1829-02-01,4.00
1829-03-01,4.00
1829-04-01,4.00
1829-05-01,4.00
1829-06-01,4.00
1829-07-01,4.00
1829-08-01,4.00
1829-09-01,4.00
1829-10-01,4.00
1829-11-01,4.00
1829-12-01,4.00
1830-01-01,4.00
1830-02-01,4.00
1830-03-01,4.00
1830-04-01,4.00
1830-05-01,4.00
1830-06-01,4.00
1830-07-01,4.00
1830-08-01,4.00
1830-09-01,4.00
1830-10-01,4.00
1830-11-01,4.00
1830-12-01,4.00
1831-01-01,4.00
1831-02-01,4.00
1831-03-01,4.00
1831-04-01,4.00
1831-05-01,4.00
1831-06-01,4.00
1831-07-01,4.00
1831-08-01,4.00
1831-09-01,4.00
1831-10-01,4.00
1831-11-01,4.00
1831-12-01,4.00
1832-01-01,4.00
1832-02-01,4.00
1832-03-01,4.00
1832-04-01,4.00
1832-05-01,4.00
1832-06-01,4.00
1832-07-01,4.00
1832-08-01,4.00
1832-09-01,4.00
1832-10-01,4.00
1832-11-01,4.00
1832-12-01,4.00
1833-01-01,4.00
1833-02-01,4.00
1833-03-01,4.00
1833-04-01,4.00
1833-05-01,4.00
1833-06-01,4.00
1833-07-01,4.00
1833-08-01,4.00
1833-09-01,4.00
1833-10-01,4.00
1833-11-01,4.00
1833-12-01,4.00
1834-01-01,4.00
1834-02-01,4.00
1834-03-01,4.00
1834-04-01,4.00
1834-05-01,4.00
1834-06-01,4.00
1834-07-01,4.00
1834-08-01,4.00
1834-09-01,4.00
1834-10-01,4.00
1834-11-01,4.00
1834-12-01,4.00
1835-01-01,4.00
1835-02-01,4.00
1835-03-01,4.00
1835-04-01,4.00
1835-05-01,4.00
1835-06-01,4.00
1835-07-01,4.00
1835-08-01,4.00
1835-09-01,4.00
1835-10-01,4.00
1835-11-01,4.00
1835-12-01,4.00
1836-01-01,4.00
1836-02-01,4.00
1836-03-01,4.00
1836-04-01,4.00
1836-05-01,4.00
1836-06-01,4.00
1836-07-01,4.50
1836-08-01,4.50
1836-09-01,5.00
1836-10-01,5.00
1836-11-01,5.00
1836-12-01,5.00
1837-01-01,5.00
1837-02-01,5.00
1837-03-01,5.00
1837-04-01,5.00
1837-05-01,5.00
1837-06-01,5.00
1837-07-01,5.00
1837-08-01,5.00
1837-09-01,5.00
1837-10-01,5.00
1837-11-01,5.00
1837-12-01,5.00
1838-01-01,5.00
1838-02-01,4.00
1838-03-01,4.00
1838-04-01,4.00
1838-05-01,4.00
1838-06-01,4.00
1838-07-01,4.00
1838-08-01,4.00
1838-09-01,4.00
1838-10-01,4.00
1838-11-01,4.00
1838-12-01,4.00
1839-01-01,4.00
1839-02-01,4.00
1839-03-01,4.00
1839-04-01,4.00
1839-05-01,5.00
1839-06-01,5.50
1839-07-01,5.50
1839-08-01,6.00
1839-09-01,6.00
1839-10-01,6.00
1839-11-01,6.00
1839-12-01,6.00
1840-01-01,5.00
1840-02-01,5.00
1840-03-01,5.00
1840-04-01,5.00
1840-05-01,5.00
1840-06-01,5.00
1840-07-01,5.00
1840-08-01,5.00
1840-09-01,5.00
1840-10-01,5.00
1840-11-01,5.00
1840-12-01,5.00
1841-01-01,5.00
1841-02-01,5.00
1841-03-01,5.00
1841-04-01,5.00
1841-05-01,5.00
1841-06-01,5.00
1841-07-01,5.00
1841-08-01,5.00
1841-09-01,5.00
1841-10-01,5.00
1841-11-01,5.00
1841-12-01,5.00
1842-01-01,5.00
1842-02-01,5.00
1842-03-01,5.00
1842-04-01,4.00
1842-05-01,4.00
1842-06-01,4.00
1842-07-01,4.00
1842-08-01,4.00
1842-09-01,4.00
1842-10-01,4.00
1842-11-01,4.00
1842-12-01,4.00
1843-01-01,4.00
1843-02-01,4.00
1843-03-01,4.00
1843-04-01,4.00
1843-05-01,4.00
1843-06-01,4.00
1843-07-01,4.00
1843-08-01,4.00
1843-09-01,4.00
1843-10-01,4.00
1843-11-01,4.00
1843-12-01,4.00
1844-01-01,4.00
1844-02-01,4.00
1844-03-01,4.00
1844-04-01,4.00
1844-05-01,4.00
1844-06-01,4.00
1844-07-01,4.00
1844-08-01,4.00
1844-09-01,2.50
1844-10-01,2.50
1844-11-01,2.50
1844-12-01,2.50
1845-01-01,2.50
1845-02-01,2.50
1845-03-01,2.50
1845-04-01,2.50
1845-05-01,2.50
1845-06-01,2.50
1845-07-01,2.50
1845-08-01,2.50
1845-09-01,2.50
1845-10-01,3.00
1845-11-01,3.50
1845-12-01,3.50
1846-01-01,3.50
1846-02-01,3.50
1846-03-01,3.50
1846-04-01,3.50
1846-05-01,3.50
1846-06-01,3.50
1846-07-01,3.50
1846-08-01,3.00
1846-09-01,3.00
1846-10-01,3.00
1846-11-01,3.00
1846-12-01,3.00
1847-01-01,4.00
1847-02-01,4.00
1847-03-01,4.00
1847-04-01,5.00
1847-05-01,5.00
1847-06-01,5.00
1847-07-01,5.00
1847-08-01,5.50
1847-09-01,6.00
1847-10-01,8.00
1847-11-01,7.00
1847-12-01,5.00
1848-01-01,4.00
1848-02-01,4.00
1848-03-01,4.00
1848-04-01,4.00
1848-05-01,4.00
1848-06-01,3.50
1848-07-01,3.50
1848-08-01,3.50
1848-09-01,3.50
1848-10-01,3.50
1848-11-01,3.00
1848-12-01,3.00
1849-01-01,3.00
1849-02-01,3.00
1849-03-01,3.00
1849-04-01,3.00
1849-05-01,3.00
1849-06-01,3.00
1849-07-01,3.00
1849-08-01,3.00
1849-09-01,3.00
1849-10-01,3.00
1849-11-01,2.50
1849-12-01,2.50
1850-01-01,2.50
1850-02-01,2.50
1850-03-01,2.50
1850-04-01,2.50
1850-05-01,2.50
1850-06-01,2.50
1850-07-01,2.50
1850-08-01,2.50
1850-09-01,2.50
1850-10-01,2.50
1850-11-01,2.50
1850-12-01,3.00
1851-01-01,3.00
1851-02-01,3.00
1851-03-01,3.00
1851-04-01,3.00
1851-05-01,3.00
1851-06-01,3.00
1851-07-01,3.00
1851-08-01,3.00
1851-09-01,3.00
1851-10-01,3.00
1851-11-01,3.00
1851-12-01,3.00
1852-01-01,2.50
1852-02-01,2.50
1852-03-01,2.50
1852-04-01,2.00
1852-05-01,2.00
1852-06-01,2.00
1852-07-01,2.00
1852-08-01,2.00
1852-09-01,2.00
1852-10-01,2.00
1852-11-01,2.00
1852-12-01,2.00
1853-01-01,3.00
1853-02-01,3.00
1853-03-01,3.00
1853-04-01,3.00
1853-05-01,3.00
1853-06-01,3.50
1853-07-01,3.50
1853-08-01,3.50
1853-09-01,5.00
1853-10-01,5.00
1853-11-01,5.00
1853-12-01,5.00
1854-01-01,5.00
1854-02-01,5.00
1854-03-01,5.00
1854-04-01,5.00
1854-05-01,5.50
1854-06-01,5.50
1854-07-01,5.50
1854-08-01,5.00
1854-09-01,5.00
1854-10-01,5.00
1854-11-01,5.00
1854-12-01,5.00
1855-01-01,5.00
1855-02-01,5.00
1855-03-01,5.00
1855-04-01,4.50
1855-05-01,4.00
1855-06-01,3.50
1855-07-01,3.50
1855-08-01,3.50
1855-09-01,5.00
1855-10-01,7.00
1855-11-01,7.00
1855-12-01,7.00
1856-01-01,7.00
1856-02-01,7.00
1856-03-01,7.00
1856-04-01,7.00
1856-05-01,5.00
1856-06-01,4.50
1856-07-01,4.50
1856-08-01,4.50
1856-09-01,4.50
1856-10-01,7.00
1856-11-01,7.00
1856-12-01,6.00
1857-01-01,6.00
1857-02-01,6.00
1857-03-01,6.00
1857-04-01,6.50
1857-05-01,6.50
1857-06-01,6.00
1857-07-01,5.50
1857-08-01,5.50
1857-09-01,5.50
1857-10-01,8.00
1857-11-01,10.00
1857-12-01,8.00
1858-01-01,4.00
1858-02-01,3.00
1858-03-01,3.00
1858-04-01,3.00
1858-05-01,3.00
1858-06-01,3.00
1858-07-01,3.00
1858-08-01,3.00
1858-09-01,3.00
1858-10-01,3.00
1858-11-01,3.00
1858-12-01,2.50
1859-01-01,2.50
1859-02-01,2.50
1859-03-01,2.50
1859-04-01,3.50
1859-05-01,4.50
1859-06-01,3.00
1859-07-01,2.50
1859-08-01,2.50
1859-09-01,2.50
1859-10-01,2.50
1859-11-01,2.50
1859-12-01,2.50
1860-01-01,4.00
1860-02-01,4.00
1860-03-01,4.50
1860-04-01,5.00
1860-05-01,4.00
1860-06-01,4.00
1860-07-01,4.00
1860-08-01,4.00
1860-09-01,4.00
1860-10-01,4.00
1860-11-01,5.00
1860-12-01,6.00
1861-01-01,7.00
1861-02-01,8.00
1861-03-01,7.00
1861-04-01,5.00
1861-05-01,6.00
1861-06-01,6.00
1861-07-01,6.00
1861-08-01,4.00
1861-09-01,3.50
1861-10-01,3.50
1861-11-01,3.00
1861-12-01,3.00
1862-01-01,2.50
1862-02-01,2.50
1862-03-01,2.50
1862-04-01,2.50
1862-05-01,3.00
1862-06-01,3.00
1862-07-01,2.00
1862-08-01,2.00
1862-09-01,2.00
1862-10-01,3.00
1862-11-01,3.00
1862-12-01,3.00
1863-01-01,5.00
1863-02-01,4.00
1863-03-01,4.00
1863-04-01,3.00
1863-05-01,4.00
1863-06-01,4.00
1863-07-01,4.00
1863-08-01,4.00
1863-09-01,4.00
1863-10-01,4.00
1863-11-01,6.00
1863-12-01,7.00
1864-01-01,8.00
1864-02-01,6.00
1864-03-01,6.00
1864-04-01,7.00
1864-05-01,7.00
1864-06-01,6.00
1864-07-01,7.00
1864-08-01,8.00
1864-09-01,9.00
1864-10-01,9.00
1864-11-01,7.00
1864-12-01,6.00
1865-01-01,5.00
1865-02-01,5.00
1865-03-01,4.00
1865-04-01,4.00
1865-05-01,4.00
1865-06-01,3.00
1865-07-01,3.50
1865-08-01,4.00
1865-09-01,4.50
1865-10-01,7.00
1865-11-01,6.00
1865-12-01,7.00
1866-01-01,8.00
1866-02-01,7.00
1866-03-01,6.00
1866-04-01,6.00
1866-05-01,10.00
1866-06-01,10.00
1866-07-01,10.00
1866-08-01,6.00
1866-09-01,4.50
1866-10-01,4.50
1866-11-01,4.00
1866-12-01,3.50
1867-01-01,3.50
1867-02-01,3.00
1867-03-01,3.00
1867-04-01,3.00
1867-05-01,2.50
1867-06-01,2.50
1867-07-01,2.00
1867-08-01,2.00
1867-09-01,2.00
1867-10-01,2.00
1867-11-01,2.00
1867-12-01,2.00
1868-01-01,2.00
1868-02-01,2.00
1868-03-01,2.00
1868-04-01,2.00
1868-05-01,2.00
1868-06-01,2.00
1868-07-01,2.00
1868-08-01,2.00
1868-09-01,2.00
1868-10-01,2.00
1868-11-01,2.50
1868-12-01,3.00
1869-01-01,3.00
1869-02-01,3.00
1869-03-01,3.00
1869-04-01,4.00
1869-05-01,4.50
1869-06-01,3.50
1869-07-01,3.00
1869-08-01,2.50
1869-09-01,2.50
1869-10-01,2.50
1869-11-01,3.00
1869-12-01,3.00
1870-01-01,3.00
1870-02-01,3.00
1870-03-01,3.00
1870-04-01,3.00
1870-05-01,3.00
1870-06-01,3.00
1870-07-01,5.00
1870-08-01,4.00
1870-09-01,2.50
1870-10-01,2.50
1870-11-01,2.50
1870-12-01,2.50
1871-01-01,2.50
1871-02-01,2.50
1871-03-01,3.00
1871-04-01,2.50
1871-05-01,2.50
1871-06-01,2.25
1871-07-01,2.00
1871-08-01,2.00
1871-09-01,4.00
1871-10-01,5.00
1871-11-01,3.50
1871-12-01,3.00
1872-01-01,3.00
1872-02-01,3.00
1872-03-01,3.00
1872-04-01,4.00
1872-05-01,4.00
1872-06-01,3.00
1872-07-01,3.50
1872-08-01,3.50
1872-09-01,4.50
1872-10-01,6.00
1872-11-01,6.00
1872-12-01,5.00
1873-01-01,3.50
1873-02-01,3.50
1873-03-01,4.00
1873-04-01,4.00
1873-05-01,6.00
1873-06-01,6.00
1873-07-01,3.50
1873-08-01,3.00
1873-09-01,5.00
1873-10-01,7.00
1873-11-01,6.00
1873-12-01,4.50
1874-01-01,3.50
1874-02-01,3.50
1874-03-01,3.50
1874-04-01,4.00
1874-05-01,3.50
1874-06-01,2.50
1874-07-01,3.00
1874-08-01,3.00
1874-09-01,3.00
1874-10-01,4.00
1874-11-01,6.00
1874-12-01,6.00
1875-01-01,3.00
1875-02-01,3.50
1875-03-01,3.50
1875-04-01,3.50
1875-05-01,3.50
1875-06-01,3.50
1875-07-01,2.50
1875-08-01,2.00
1875-09-01,2.00
1875-10-01,4.00
1875-11-01,3.00
1875-12-01,4.00
1876-01-01,4.00
1876-02-01,4.00
1876-03-01,3.50
1876-04-01,2.00
1876-05-01,2.00
1876-06-01,2.00
1876-07-01,2.00
1876-08-01,2.00
1876-09-01,2.00
1876-10-01,2.00
1876-11-01,2.00
1876-12-01,2.00
1877-01-01,2.00
1877-02-01,2.00
1877-03-01,2.00
1877-04-01,2.00
1877-05-01,3.00
1877-06-01,3.00
1877-07-01,2.00
1877-08-01,3.00
1877-09-01,3.00
1877-10-01,5.00
1877-11-01,4.00
1877-12-01,4.00
1878-01-01,2.00
1878-02-01,2.00
1878-03-01,3.00
1878-04-01,3.00
1878-05-01,2.50
1878-06-01,3.00
1878-07-01,3.50
1878-08-01,5.00
1878-09-01,5.00
1878-10-01,6.00
1878-11-01,5.00
1878-12-01,5.00
1879-01-01,3.00
1879-02-01,3.00
1879-03-01,2.50
1879-04-01,2.00
1879-05-01,2.00
1879-06-01,2.00
1879-07-01,2.00
1879-08-01,2.00
1879-09-01,2.00
1879-10-01,2.00
1879-11-01,3.00
1879-12-01,3.00
1880-01-01,3.00
1880-02-01,3.00
1880-03-01,3.00
1880-04-01,3.00
1880-05-01,3.00
1880-06-01,2.50
1880-07-01,2.50
1880-08-01,2.50
1880-09-01,2.50
1880-10-01,2.50
1880-11-01,2.50
1880-12-01,3.00
1881-01-01,3.50
1881-02-01,3.00
1881-03-01,3.00
1881-04-01,2.50
1881-05-01,2.50
1881-06-01,2.50
1881-07-01,2.50
1881-08-01,4.00
1881-09-01,4.00
1881-10-01,5.00
1881-11-01,5.00
1881-12-01,5.00
1882-01-01,6.00
1882-02-01,5.00
1882-03-01,3.00
1882-04-01,3.00
1882-05-01,3.00
1882-06-01,3.00
1882-07-01,3.00
1882-08-01,4.00
1882-09-01,5.00
1882-10-01,5.00
1882-11-01,5.00
1882-12-01,5.00
1883-01-01,4.00
1883-02-01,3.50
1883-03-01,3.00
1883-04-01,3.00
1883-05-01,4.00
1883-06-01,4.00
1883-07-01,4.00
1883-08-01,4.00
1883-09-01,3.00
1883-10-01,3.00
1883-11-01,3.00
1883-12-01,3.00
1884-01-01,3.00
1884-02-01,3.50
1884-03-01,3.00
1884-04-01,2.50
1884-05-01,2.50
1884-06-01,2.00
1884-07-01,2.00
1884-08-01,2.00
1884-09-01,2.00
1884-10-01,4.00
1884-11-01,5.00
1884-12-01,5.00
1885-01-01,4.00
1885-02-01,4.00
1885-03-01,3.50
1885-04-01,3.50
1885-05-01,2.00
1885-06-01,2.00
1885-07-01,2.00
1885-08-01,2.00
1885-09-01,2.00
1885-10-01,2.00
1885-11-01,3.00
1885-12-01,4.00
1886-01-01,3.00
1886-02-01,2.00
1886-03-01,2.00
1886-04-01,2.00
1886-05-01,3.00
1886-06-01,2.50
1886-07-01,2.50
1886-08-01,3.50
1886-09-01,3.50
1886-10-01,4.00
1886-11-01,4.00
1886-12-01,5.00
1887-01-01,5.00
1887-02-01,4.00
1887-03-01,3.00
1887-04-01,2.00
1887-05-01,2.00
1887-06-01,2.00
1887-07-01,2.00
1887-08-01,3.00
1887-09-01,4.00
1887-10-01,4.00
1887-11-01,4.00
1887-12-01,4.00
1888-01-01,3.00
1888-02-01,2.50
1888-03-01,2.00
1888-04-01,2.00
1888-05-01,3.00
1888-06-01,2.50
1888-07-01,2.50
1888-08-01,3.00
1888-09-01,4.00
1888-10-01,5.00
1888-11-01,5.00
1888-12-01,5.00
1889-01-01,3.00
1889-02-01,3.00
1889-03-01,3.00
1889-04-01,2.50
1889-05-01,2.50
1889-06-01,2.50
1889-07-01,2.50
1889-08-01,4.00
1889-09-01,5.00
1889-10-01,5.00
1889-11-01,5.00
1889-12-01,6.00
1890-01-01,6.00
1890-02-01,5.00
1890-03-01,4.00
1890-04-01,3.00
1890-05-01,3.00
1890-06-01,4.00
1890-07-01,5.00
1890-08-01,4.00
1890-09-01,5.00
1890-10-01,5.00
1890-11-01,6.00
1890-12-01,5.00
1891-01-01,3.00
1891-02-01,3.00
1891-03-01,3.00
1891-04-01,3.50
1891-05-01,5.00
1891-06-01,3.00
1891-07-01,2.50
1891-08-01,2.50
1891-09-01,3.00
1891-10-01,4.00
1891-11-01,4.00
1891-12-01,3.50
1892-01-01,3.00
1892-02-01,3.00
1892-03-01,3.00
1892-04-01,2.00
1892-05-01,2.00
1892-06-01,2.00
1892-07-01,2.00
1892-08-01,2.00
1892-09-01,2.00
1892-10-01,3.00
1892-11-01,3.00
1892-12-01,3.00
1893-01-01,2.50
1893-02-01,2.50
1893-03-01,2.50
1893-04-01,2.50
1893-05-01,4.00
1893-06-01,2.50
1893-07-01,2.50
1893-08-01,5.00
1893-09-01,3.50
1893-10-01,3.00
1893-11-01,3.00
1893-12-01,3.00
1894-01-01,3.00
1894-02-01,2.00
1894-03-01,2.00
1894-04-01,2.00
1894-05-01,2.00
1894-06-01,2.00
1894-07-01,2.00
1894-08-01,2.00
1894-09-01,2.00
1894-10-01,2.00
1894-11-01,2.00
1894-12-01,2.00
1895-01-01,2.00
1895-02-01,2.00
1895-03-01,2.00
1895-04-01,2.00
1895-05-01,2.00
1895-06-01,2.00
1895-07-01,2.00
1895-08-01,2.00
1895-09-01,2.00
1895-10-01,2.00
1895-11-01,2.00
1895-12-01,2.00
1896-01-01,2.00
1896-02-01,2.00
1896-03-01,2.00
1896-04-01,2.00
1896-05-01,2.00
1896-06-01,2.00
1896-07-01,2.00
1896-08-01,2.00
1896-09-01,3.00
1896-10-01,4.00
1896-11-01,4.00
1896-12-01,4.00
1897-01-01,3.50
1897-02-01,3.00
1897-03-01,3.00
1897-04-01,2.50
1897-05-01,2.00
1897-06-01,2.00
1897-07-01,2.00
1897-08-01,2.00
1897-09-01,2.50
1897-10-01,3.00
1897-11-01,3.00
1897-12-01,3.00
1898-01-01,3.00
1898-02-01,3.00
1898-03-01,3.00
1898-04-01,4.00
1898-05-01,3.50
1898-06-01,2.50
1898-07-01,2.50
1898-08-01,2.50
1898-09-01,3.00
1898-10-01,4.00
1898-11-01,4.00
1898-12-01,4.00
1899-01-01,3.50
1899-02-01,3.00
1899-03-01,3.00
1899-04-01,3.00
1899-05-01,3.00
1899-06-01,3.00
1899-07-01,3.50
1899-08-01,3.50
1899-09-01,3.50
1899-10-01,5.00
1899-11-01,6.00
1899-12-01,6.00
1900-01-01,4.00
1900-02-01,4.00
1900-03-01,4.00
1900-04-01,4.00
1900-05-01,3.50
1900-06-01,3.00
1900-07-01,4.00
1900-08-01,4.00
1900-09-01,4.00
1900-10-01,4.00
1900-11-01,4.00
1900-12-01,4.00
1901-01-01,5.00
1901-02-01,4.00
1901-03-01,4.00
1901-04-01,4.00
1901-05-01,4.00
1901-06-01,3.00
1901-07-01,3.00
1901-08-01,3.00
1901-09-01,3.00
1901-10-01,4.00
1901-11-01,4.00
1901-12-01,4.00
1902-01-01,3.50
1902-02-01,3.00
1902-03-01,3.00
1902-04-01,3.00
1902-05-01,3.00
1902-06-01,3.00
1902-07-01,3.00
1902-08-01,3.00
1902-09-01,3.00
1902-10-01,4.00
1902-11-01,4.00
1902-12-01,4.00
1903-01-01,4.00
1903-02-01,4.00
1903-03-01,4.00
1903-04-01,4.00
1903-05-01,3.50
1903-06-01,3.00
1903-07-01,3.00
1903-08-01,3.00
1903-09-01,4.00
1903-10-01,4.00
1903-11-01,4.00
1903-12-01,4.00
1904-01-01,4.00
1904-02-01,4.00
1904-03-01,4.00
1904-04-01,3.00
1904-05-01,3.00
1904-06-01,3.00
1904-07-01,3.00
1904-08-01,3.00
1904-09-01,3.00
1904-10-01,3.00
1904-11-01,3.00
1904-12-01,3.00
1905-01-01,3.00
1905-02-01,3.00
1905-03-01,2.50
1905-04-01,2.50
1905-05-01,2.50
1905-06-01,2.50
1905-07-01,2.50
1905-08-01,2.50
1905-09-01,4.00
1905-10-01,4.00
1905-11-01,4.00
1905-12-01,4.00
1906-01-01,4.00
1906-02-01,4.00
1906-03-01,4.00
1906-04-01,3.50
1906-05-01,4.00
1906-06-01,3.50
1906-07-01,3.50
1906-08-01,3.50
1906-09-01,4.00
1906-10-01,6.00
1906-11-01,6.00
1906-12-01,6.00
1907-01-01,5.00
1907-02-01,5.00
1907-03-01,5.00
1907-04-01,4.00
1907-05-01,4.00
1907-06-01,4.00
1907-07-01,4.00
1907-08-01,4.50
1907-09-01,4.50
1907-10-01,5.50
1907-11-01,7.00
1907-12-01,7.00
1908-01-01,4.00
1908-02-01,4.00
1908-03-01,3.00
1908-04-01,3.00
1908-05-01,2.50
1908-06-01,2.50
1908-07-01,2.50
1908-08-01,2.50
1908-09-01,2.50
1908-10-01,2.50
1908-11-01,2.50
1908-12-01,2.50
1909-01-01,3.00
1909-02-01,3.00
1909-03-01,3.00
1909-04-01,2.50
1909-05-01,2.50
1909-06-01,2.50
1909-07-01,2.50
1909-08-01,2.50
1909-09-01,2.50
1909-10-01,5.00
1909-11-01,5.00
1909-12-01,4.50
1910-01-01,3.50
1910-02-01,3.00
1910-03-01,4.00
1910-04-01,4.00
1910-05-01,4.00
1910-06-01,3.00
1910-07-01,3.00
1910-08-01,3.00
1910-09-01,4.00
1910-10-01,5.00
1910-11-01,5.00
1910-12-01,4.50
1911-01-01,4.00
1911-02-01,3.50
1911-03-01,3.00
1911-04-01,3.00
1911-05-01,3.00
1911-06-01,3.00
1911-07-01,3.00
1911-08-01,3.00
1911-09-01,4.00
1911-10-01,4.00
1911-11-01,4.00
1911-12-01,4.00
1912-01-01,4.00
1912-02-01,3.50
1912-03-01,3.50
1912-04-01,3.50
1912-05-01,3.00
1912-06-01,3.00
1912-07-01,3.00
1912-08-01,4.00
1912-09-01,4.00
1912-10-01,5.00
1912-11-01,5.00
1912-12-01,5.00
1913-01-01,5.00
1913-02-01,5.00
1913-03-01,5.00
1913-04-01,4.50
1913-05-01,4.50
1913-06-01,4.50
1913-07-01,4.50
1913-08-01,4.50
1913-09-01,4.50
1913-10-01,5.00
1913-11-01,5.00
1913-12-01,5.00
1914-01-01,3.00
1914-02-01,3.00
1914-03-01,3.00
1914-04-01,3.00
1914-05-01,3.00
1914-06-01,3.00
1914-07-01,8.00
1914-08-01,5.00
1914-09-01,5.00
1914-10-01,5.00
1914-11-01,5.00
1914-12-01,5.00
1915-01-01,5.00
1915-02-01,5.00
1915-03-01,5.00
1915-04-01,5.00
1915-05-01,5.00
1915-06-01,5.00
1915-07-01,5.00
1915-08-01,5.00
1915-09-01,5.00
1915-10-01,5.00
1915-11-01,5.00
1915-12-01,5.00
1916-01-01,5.00
1916-02-01,5.00
1916-03-01,5.00
1916-04-01,5.00
1916-05-01,5.00
1916-06-01,5.00
1916-07-01,6.00
1916-08-01,6.00
1916-09-01,6.00
1916-10-01,6.00
1916-11-01,6.00
1916-12-01,6.00
1917-01-01,5.50
1917-02-01,5.50
1917-03-01,5.50
1917-04-01,5.00
1917-05-01,5.00
1917-06-01,5.00
1917-07-01,5.00
1917-08-01,5.00
1917-09-01,5.00
1917-10-01,5.00
1917-11-01,5.00
1917-12-01,5.00
1918-01-01,5.00
1918-02-01,5.00
1918-03-01,5.00
1918-04-01,5.00
1918-05-01,5.00
1918-06-01,5.00
1918-07-01,5.00
1918-08-01,5.00
1918-09-01,5.00
1918-10-01,5.00
1918-11-01,5.00
1918-12-01,5.00
1919-01-01,5.00
1919-02-01,5.00
1919-03-01,5.00
1919-04-01,5.00
1919-05-01,5.00
1919-06-01,5.00
1919-07-01,5.00
1919-08-01,5.00
1919-09-01,5.00
1919-10-01,5.00
1919-11-01,6.00
1919-12-01,6.00
1920-01-01,6.00
1920-02-01,6.00
1920-03-01,6.00
1920-04-01,7.00
1920-05-01,7.00
1920-06-01,7.00
1920-07-01,7.00
1920-08-01,7.00
1920-09-01,7.00
1920-10-01,7.00
1920-11-01,7.00
1920-12-01,7.00
1921-01-01,7.00
1921-02-01,7.00
1921-03-01,7.00
1921-04-01,6.50
1921-05-01,6.50
1921-06-01,6.00
1921-07-01,5.50
1921-08-01,5.50
1921-09-01,5.50
1921-10-01,5.50
1921-11-01,5.00
1921-12-01,5.00
1922-01-01,5.00
1922-02-01,4.50
1922-03-01,4.50
1922-04-01,4.00
1922-05-01,4.00
1922-06-01,3.50
1922-07-01,3.00
1922-08-01,3.00
1922-09-01,3.00
1922-10-01,3.00
1922-11-01,3.00
1922-12-01,3.00
1923-01-01,3.00
1923-02-01,3.00
1923-03-01,3.00
1923-04-01,3.00
1923-05-01,3.00
1923-06-01,3.00
1923-07-01,4.00
1923-08-01,4.00
1923-09-01,4.00
1923-10-01,4.00
1923-11-01,4.00
1923-12-01,4.00
1924-01-01,4.00
1924-02-01,4.00
1924-03-01,4.00
1924-04-01,4.00
1924-05-01,4.00
1924-06-01,4.00
1924-07-01,4.00
1924-08-01,4.00
1924-09-01,4.00
1924-10-01,4.00
1924-11-01,4.00
1924-12-01,4.00
1925-01-01,4.00
1925-02-01,4.00
1925-03-01,5.00
1925-04-01,5.00
1925-05-01,5.00
1925-06-01,5.00
1925-07-01,5.00
1925-08-01,4.50
1925-09-01,4.50
1925-10-01,4.00
1925-11-01,4.00
1925-12-01,5.00
1926-01-01,5.00
1926-02-01,5.00
1926-03-01,5.00
1926-04-01,5.00
1926-05-01,5.00
1926-06-01,5.00
1926-07-01,5.00
1926-08-01,5.00
1926-09-01,5.00
1926-10-01,5.00
1926-11-01,5.00
1926-12-01,5.00
1927-01-01,5.00
1927-02-01,5.00
1927-03-01,5.00
1927-04-01,4.50
1927-05-01,4.50
1927-06-01,4.50
1927-07-01,4.50
1927-08-01,4.50
1927-09-01,4.50
1927-10-01,4.50
1927-11-01,4.50
1927-12-01,4.50
1928-01-01,4.50
1928-02-01,4.50
1928-03-01,4.50
1928-04-01,4.50
1928-05-01,4.50
1928-06-01,4.50
1928-07-01,4.50
1928-08-01,4.50
1928-09-01,4.50
1928-10-01,4.50
1928-11-01,4.50
1928-12-01,4.50
1929-01-01,4.50
1929-02-01,5.50
1929-03-01,5.50
1929-04-01,5.50
1929-05-01,5.50
1929-06-01,5.50
1929-07-01,5.50
1929-08-01,5.50
1929-09-01,6.50
1929-10-01,6.00
1929-11-01,5.50
1929-12-01,5.00
1930-01-01,5.00
1930-02-01,4.50
1930-03-01,3.50
1930-04-01,3.50
1930-05-01,3.00
1930-06-01,3.00
1930-07-01,3.00
1930-08-01,3.00
1930-09-01,3.00
1930-10-01,3.00
1930-11-01,3.00
1930-12-01,3.00
1931-01-01,3.00
1931-02-01,3.00
1931-03-01,3.00
1931-04-01,3.00
1931-05-01,2.50
1931-06-01,2.50
1931-07-01,4.50
1931-08-01,4.50
1931-09-01,6.00
1931-10-01,6.00
1931-11-01,6.00
1931-12-01,6.00
1932-01-01,6.00
1932-02-01,5.00
1932-03-01,3.50
1932-04-01,3.00
1932-05-01,2.50
1932-06-01,2.00
1932-07-01,2.00
1932-08-01,2.00
1932-09-01,2.00
1932-10-01,2.00
1932-11-01,2.00
1932-12-01,2.00
1933-01-01,2.00
1933-02-01,2.00
1933-03-01,2.00
1933-04-01,2.00
1933-05-01,2.00
1933-06-01,2.00
1933-07-01,2.00
1933-08-01,2.00
1933-09-01,2.00
1933-10-01,2.00
1933-11-01,2.00
1933-12-01,2.00
1934-01-01,2.00
1934-02-01,2.00
1934-03-01,2.00
1934-04-01,2.00
1934-05-01,2.00
1934-06-01,2.00
1934-07-01,2.00
1934-08-01,2.00
1934-09-01,2.00
1934-10-01,2.00
1934-11-01,2.00
1934-12-01,2.00
1935-01-01,2.00
1935-02-01,2.00
1935-03-01,2.00
1935-04-01,2.00
1935-05-01,2.00
1935-06-01,2.00
1935-07-01,2.00
1935-08-01,2.00
1935-09-01,2.00
1935-10-01,2.00
1935-11-01,2.00
1935-12-01,2.00
1936-01-01,2.00
1936-02-01,2.00
1936-03-01,2.00
1936-04-01,2.00
1936-05-01,2.00
1936-06-01,2.00
1936-07-01,2.00
1936-08-01,2.00
1936-09-01,2.00
1936-10-01,2.00
1936-11-01,2.00
1936-12-01,2.00
1937-01-01,2.00
1937-02-01,2.00
1937-03-01,2.00
1937-04-01,2.00
1937-05-01,2.00
1937-06-01,2.00
1937-07-01,2.00
1937-08-01,2.00
1937-09-01,2.00
1937-10-01,2.00
1937-11-01,2.00
1937-12-01,2.00
1938-01-01,2.00
1938-02-01,2.00
1938-03-01,2.00
1938-04-01,2.00
1938-05-01,2.00
1938-06-01,2.00
1938-07-01,2.00
1938-08-01,2.00
1938-09-01,2.00
1938-10-01,2.00
1938-11-01,2.00
1938-12-01,2.00
1939-01-01,2.00
1939-02-01,2.00
1939-03-01,2.00
1939-04-01,2.00
1939-05-01,2.00
1939-06-01,2.00
1939-07-01,2.00
1939-08-01,4.00
1939-09-01,3.00
1939-10-01,2.00
1939-11-01,2.00
1939-12-01,2.00
1940-01-01,2.00
1940-02-01,2.00
1940-03-01,2.00
1940-04-01,2.00
1940-05-01,2.00
1940-06-01,2.00
1940-07-01,2.00
1940-08-01,2.00
1940-09-01,2.00
1940-10-01,2.00
1940-11-01,2.00
1940-12-01,2.00
1941-01-01,2.00
1941-02-01,2.00
1941-03-01,2.00
1941-04-01,2.00
1941-05-01,2.00
1941-06-01,2.00
1941-07-01,2.00
1941-08-01,2.00
1941-09-01,2.00
1941-10-01,2.00
1941-11-01,2.00
1941-12-01,2.00
1942-01-01,2.00
1942-02-01,2.00
1942-03-01,2.00
1942-04-01,2.00
1942-05-01,2.00
1942-06-01,2.00
1942-07-01,2.00
1942-08-01,2.00
1942-09-01,2.00
1942-10-01,2.00
1942-11-01,2.00
1942-12-01,2.00
1943-01-01,2.00
1943-02-01,2.00
1943-03-01,2.00
1943-04-01,2.00
1943-05-01,2.00
1943-06-01,2.00
1943-07-01,2.00
1943-08-01,2.00
1943-09-01,2.00
1943-10-01,2.00
1943-11-01,2.00
1943-12-01,2.00
1944-01-01,2.00
1944-02-01,2.00
1944-03-01,2.00
1944-04-01,2.00
1944-05-01,2.00
1944-06-01,2.00
1944-07-01,2.00
1944-08-01,2.00
1944-09-01,2.00
1944-10-01,2.00
1944-11-01,2.00
1944-12-01,2.00
1945-01-01,2.00
1945-02-01,2.00
1945-03-01,2.00
1945-04-01,2.00
1945-05-01,2.00
1945-06-01,2.00
1945-07-01,2.00
1945-08-01,2.00
1945-09-01,2.00
1945-10-01,2.00
1945-11-01,2.00
1945-12-01,2.00
1946-01-01,2.00
1946-02-01,2.00
1946-03-01,2.00
1946-04-01,2.00
1946-05-01,2.00
1946-06-01,2.00
1946-07-01,2.00
1946-08-01,2.00
1946-09-01,2.00
1946-10-01,2.00
1946-11-01,2.00
1946-12-01,2.00
1947-01-01,2.00
1947-02-01,2.00
1947-03-01,2.00
1947-04-01,2.00
1947-05-01,2.00
1947-06-01,2.00
1947-07-01,2.00
1947-08-01,2.00
1947-09-01,2.00
1947-10-01,2.00
1947-11-01,2.00
1947-12-01,2.00
1948-01-01,2.00
1948-02-01,2.00
1948-03-01,2.00
1948-04-01,2.00
1948-05-01,2.00
1948-06-01,2.00
1948-07-01,2.00
1948-08-01,2.00
1948-09-01,2.00
1948-10-01,2.00
1948-11-01,2.00
1948-12-01,2.00
1949-01-01,2.00
1949-02-01,2.00
1949-03-01,2.00
1949-04-01,2.00
1949-05-01,2.00
1949-06-01,2.00
1949-07-01,2.00
1949-08-01,2.00
1949-09-01,2.00
1949-10-01,2.00
1949-11-01,2.00
1949-12-01,2.00
1950-01-01,2.00
1950-02-01,2.00
1950-03-01,2.00
1950-04-01,2.00
1950-05-01,2.00
1950-06-01,2.00
1950-07-01,2.00
1950-08-01,2.00
1950-09-01,2.00
1950-10-01,2.00
1950-11-01,2.00
1950-12-01,2.00
1951-01-01,2.00
1951-02-01,2.00
1951-03-01,2.00
1951-04-01,2.00
1951-05-01,2.00
1951-06-01,2.00
1951-07-01,2.00
1951-08-01,2.00
1951-09-01,2.00
1951-10-01,2.00
1951-11-01,2.50
1951-12-01,2.50
1952-01-01,2.50
1952-02-01,2.50
1952-03-01,4.00
1952-04-01,4.00
1952-05-01,4.00
1952-06-01,4.00
1952-07-01,4.00
1952-08-01,4.00
1952-09-01,4.00
1952-10-01,4.00
1952-11-01,4.00
1952-12-01,4.00
1953-01-01,4.00
1953-02-01,4.00
1953-03-01,4.00
1953-04-01,4.00
1953-05-01,4.00
1953-06-01,4.00
1953-07-01,4.00
1953-08-01,4.00
1953-09-01,3.50
1953-10-01,3.50
1953-11-01,3.50
1953-12-01,3.50
1954-01-01,3.50
1954-02-01,3.50
1954-03-01,3.50
1954-04-01,3.50
1954-05-01,3.00
1954-06-01,3.00
1954-07-01,3.00
1954-08-01,3.00
1954-09-01,3.00
1954-10-01,3.00
1954-11-01,3.00
1954-12-01,3.00
1955-01-01,3.50
1955-02-01,4.50
1955-03-01,4.50
1955-04-01,4.50
1955-05-01,4.50
1955-06-01,4.50
1955-07-01,4.50
1955-08-01,4.50
1955-09-01,4.50
1955-10-01,4.50
1955-11-01,4.50
1955-12-01,4.50
1956-01-01,4.50
1956-02-01,5.50
1956-03-01,5.50
1956-04-01,5.50
1956-05-01,5.50
1956-06-01,5.50
1956-07-01,5.50
1956-08-01,5.50
1956-09-01,5.50
1956-10-01,5.50
1956-11-01,5.50
1956-12-01,5.50
1957-01-01,5.50
1957-02-01,5.00
1957-03-01,5.00
1957-04-01,5.00
1957-05-01,5.00
1957-06-01,5.00
1957-07-01,5.00
1957-08-01,5.00
1957-09-01,7.00
1957-10-01,7.00
1957-11-01,7.00
1957-12-01,7.00
1958-01-01,7.00
1958-02-01,7.00
1958-03-01,6.00
1958-04-01,6.00
1958-05-01,5.50
1958-06-01,5.00
1958-07-01,5.00
1958-08-01,4.50
1958-09-01,4.50
1958-10-01,4.50
1958-11-01,4.00
1958-12-01,4.00
1959-01-01,4.00
1959-02-01,4.00
1959-03-01,4.00
1959-04-01,4.00
1959-05-01,4.00
1959-06-01,4.00
1959-07-01,4.00
1959-08-01,4.00
1959-09-01,4.00
1959-10-01,4.00
1959-11-01,4.00
1959-12-01,4.00
1960-01-01,5.00
1960-02-01,5.00
1960-03-01,5.00
1960-04-01,5.00
1960-05-01,5.00
1960-06-01,6.00
1960-07-01,6.00
1960-08-01,6.00
1960-09-01,6.00
1960-10-01,5.50
1960-11-01,5.50
1960-12-01,5.00
1961-01-01,5.00
1961-02-01,5.00
1961-03-01,5.00
1961-04-01,5.00
1961-05-01,5.00
1961-06-01,5.00
1961-07-01,7.00
1961-08-01,7.00
1961-09-01,7.00
1961-10-01,6.50
1961-11-01,6.00
1961-12-01,6.00
1962-01-01,6.00
1962-02-01,6.00
1962-03-01,5.00
1962-04-01,4.50
1962-05-01,4.50
1962-06-01,4.50
1962-07-01,4.50
1962-08-01,4.50
1962-09-01,4.50
1962-10-01,4.50
1962-11-01,4.50
1962-12-01,4.50
1963-01-01,4.00
1963-02-01,4.00
1963-03-01,4.00
1963-04-01,4.00
1963-05-01,4.00
1963-06-01,4.00
1963-07-01,4.00
1963-08-01,4.00
1963-09-01,4.00
1963-10-01,4.00
1963-11-01,4.00
1963-12-01,4.00
1964-01-01,4.00
1964-02-01,5.00
1964-03-01,5.00
1964-04-01,5.00
1964-05-01,5.00
1964-06-01,5.00
1964-07-01,5.00
1964-08-01,5.00
1964-09-01,5.00
1964-10-01,5.00
1964-11-01,7.00
1964-12-01,7.00
1965-01-01,7.00
1965-02-01,7.00
1965-03-01,7.00
1965-04-01,7.00
1965-05-01,7.00
1965-06-01,6.00
1965-07-01,6.00
1965-08-01,6.00
1965-09-01,6.00
1965-10-01,6.00
1965-11-01,6.00
1965-12-01,6.00
1966-01-01,6.00
1966-02-01,6.00
1966-03-01,6.00
1966-04-01,6.00
1966-05-01,6.00
1966-06-01,6.00
1966-07-01,7.00
1966-08-01,7.00
1966-09-01,7.00
1966-10-01,7.00
1966-11-01,7.00
1966-12-01,7.00
1967-01-01,6.50
1967-02-01,6.50
1967-03-01,6.00
1967-04-01,6.00
1967-05-01,5.50
1967-06-01,5.50
1967-07-01,5.50
1967-08-01,5.50
1967-09-01,5.50
1967-10-01,6.00
1967-11-01,8.00
1967-12-01,8.00
1968-01-01,8.00
1968-02-01,8.00
1968-03-01,7.50
1968-04-01,7.50
1968-05-01,7.50
1968-06-01,7.50
1968-07-01,7.50
1968-08-01,7.50
1968-09-01,7.00
1968-10-01,7.00
1968-11-01,7.00
1968-12-01,7.00
1969-01-01,7.00
1969-02-01,8.00
1969-03-01,8.00
1969-04-01,8.00
1969-05-01,8.00
1969-06-01,8.00
1969-07-01,8.00
1969-08-01,8.00
1969-09-01,8.00
1969-10-01,8.00
1969-11-01,8.00
1969-12-01,8.00
1970-01-01,8.00
1970-02-01,8.00
1970-03-01,7.50
1970-04-01,7.00
1970-05-01,7.00
1970-06-01,7.00
1970-07-01,7.00
1970-08-01,7.00
1970-09-01,7.00
1970-10-01,7.00
1970-11-01,7.00
1970-12-01,7.00
1971-01-01,7.00
1971-02-01,7.00
1971-03-01,7.00
1971-04-01,6.00
1971-05-01,6.00
1971-06-01,6.00
1971-07-01,6.00
1971-08-01,6.00
1971-09-01,5.00
1971-10-01,5.00
1971-11-01,5.00
1971-12-01,5.00
1972-01-01,5.00
1972-02-01,5.00
1972-03-01,5.00
1972-04-01,5.00
1972-05-01,5.00
1972-06-01,6.00
1972-07-01,6.00
1972-08-01,6.00
1972-09-01,6.00
1972-10-01,7.50
1972-11-01,7.50
1972-12-01,9.00
1973-01-01,8.75
1973-02-01,8.75
1973-03-01,8.50
1973-04-01,8.25
1973-05-01,7.75
1973-06-01,7.50
1973-07-01,11.50
1973-08-01,11.50
1973-09-01,11.50
1973-10-01,11.25
1973-11-01,13.00
1973-12-01,13.00
1974-01-01,12.75
1974-02-01,12.50
1974-03-01,12.50
1974-04-01,12.00
1974-05-01,11.75
1974-06-01,11.75
1974-07-01,11.75
1974-08-01,11.75
1974-09-01,11.50
1974-10-01,11.50
1974-11-01,11.50
1974-12-01,11.50
1975-01-01,11.00
1975-02-01,10.50
1975-03-01,10.00
1975-04-01,9.75
1975-05-01,10.00
1975-06-01,10.00
1975-07-01,11.00
1975-08-01,11.00
1975-09-01,11.00
1975-10-01,12.00
1975-11-01,11.75
1975-12-01,11.25
1976-01-01,10.50
1976-02-01,9.50
1976-03-01,9.00
1976-04-01,10.50
1976-05-01,11.50
1976-06-01,11.50
1976-07-01,11.50
1976-08-01,11.50
1976-09-01,13.00
1976-10-01,15.00
1976-11-01,14.75
1976-12-01,14.25
1977-01-01,12.25
1977-02-01,12.00
1977-03-01,9.50
1977-04-01,8.75
1977-05-01,8.00
1977-06-01,8.00
1977-07-01,8.00
1977-08-01,7.00
1977-09-01,6.00
1977-10-01,5.00
1977-11-01,7.00
1977-12-01,7.00
1978-01-01,6.50
1978-02-01,6.50
1978-03-01,6.50
1978-04-01,7.50
1978-05-01,9.00
1978-06-01,10.00
1978-07-01,10.00
1978-08-01,10.00
1978-09-01,10.00
1978-10-01,10.00
1978-11-01,12.50
1978-12-01,12.50
1979-01-01,12.50
1979-02-01,14.00
1979-03-01,13.00
1979-04-01,12.00
1979-05-01,12.00
1979-06-01,14.00
1979-07-01,14.00
1979-08-01,14.00
1979-09-01,14.00
1979-10-01,14.00
1979-11-01,17.00
1979-12-01,17.00
1980-01-01,17.00
1980-02-01,17.00
1980-03-01,17.00
1980-04-01,17.00
1980-05-01,17.00
1980-06-01,17.00
1980-07-01,16.00
1980-08-01,16.00
1980-09-01,16.00
1980-10-01,16.00
1980-11-01,14.00
1980-12-01,14.00
1981-01-01,14.00
1981-02-01,14.00
1981-03-01,12.00
1981-04-01,12.00
1981-05-01,12.00
1981-06-01,12.00
1981-07-01,12.00
1981-08-01,12.69
1981-09-01,14.00
1981-10-01,15.13
1981-11-01,14.56
1981-12-01,14.38
1982-01-01,13.88
1982-02-01,13.63
1982-03-01,13.25
1982-04-01,13.13
1982-05-01,13.13
1982-06-01,12.63
1982-07-01,11.63
1982-08-01,10.63
1982-09-01,10.13
1982-10-01,9.63
1982-11-01,10.00
1982-12-01,10.00
1983-01-01,11.00
1983-02-01,11.00
1983-03-01,10.56
1983-04-01,10.06
1983-05-01,10.06
1983-06-01,9.56
1983-07-01,9.56
1983-08-01,9.56
1983-09-01,9.56
1983-10-01,9.06
1983-11-01,9.06
1983-12-01,9.06
1984-01-01,9.06
1984-02-01,9.06
1984-03-01,8.56
1984-04-01,8.56
1984-05-01,9.06
1984-06-01,8.88
1984-07-01,12.00
1984-08-01,10.50
1984-09-01,10.50
1984-10-01,10.50
1984-11-01,9.50
1984-12-01,9.50
1985-01-01,13.88
1985-02-01,13.88
1985-03-01,12.88
1985-04-01,12.38
1985-05-01,12.38
1985-06-01,12.38
1985-07-01,11.38
1985-08-01,11.38
1985-09-01,11.38
1985-10-01,11.38
1985-11-01,11.38
1985-12-01,11.38
1986-01-01,12.38
1986-02-01,12.38
1986-03-01,11.38
1986-04-01,10.38
1986-05-01,9.88
1986-06-01,9.88
1986-07-01,9.88
1986-08-01,9.88
1986-09-01,9.88
1986-10-01,10.88
1986-11-01,10.88
1986-12-01,10.88
1987-01-01,10.88
1987-02-01,10.88
1987-03-01,9.88
1987-04-01,9.38
1987-05-01,8.88
1987-06-01,8.88
1987-07-01,8.88
1987-08-01,9.88
1987-09-01,9.88
1987-10-01,9.38
1987-11-01,8.88
1987-12-01,8.38
1988-01-01,8.38
1988-02-01,8.88
1988-03-01,8.38
1988-04-01,7.88
1988-05-01,7.38
1988-06-01,8.88
1988-07-01,10.38
1988-08-01,11.88
1988-09-01,11.88
1988-10-01,11.88
1988-11-01,12.88
1988-12-01,12.88
1989-01-01,12.88
1989-02-01,12.88
1989-03-01,12.88
1989-04-01,12.88
1989-05-01,13.75
1989-06-01,13.75
1989-07-01,13.75
1989-08-01,13.84
1989-09-01,13.75
1989-10-01,14.88
1989-11-01,14.88
1989-12-01,14.88
1990-01-01,14.88
1990-02-01,14.88
1990-03-01,14.88
1990-04-01,14.88
1990-05-01,14.88
1990-06-01,14.88
1990-07-01,14.88
1990-08-01,14.88
1990-09-01,14.88
1990-10-01,13.88
1990-11-01,13.88
1990-12-01,13.88
1991-01-01,13.88
1991-02-01,12.88
1991-03-01,12.38
1991-04-01,11.88
1991-05-01,11.38
1991-06-01,11.38
1991-07-01,10.88
1991-08-01,10.88
1991-09-01,10.38
1991-10-01,10.38
1991-11-01,10.38
1991-12-01,10.38
1992-01-01,10.38
1992-02-01,10.38
1992-03-01,10.38
1992-04-01,10.38
1992-05-01,9.88
1992-06-01,9.88
1992-07-01,9.88
1992-08-01,9.88
1992-09-01,8.88
1992-10-01,7.88
1992-11-01,6.88
1992-12-01,6.88
1993-01-01,5.88
1993-02-01,5.88
1993-03-01,5.88
1993-04-01,5.88
1993-05-01,5.88
1993-06-01,5.88
1993-07-01,5.88
1993-08-01,5.88
1993-09-01,5.88
1993-10-01,5.88
1993-11-01,5.38
1993-12-01,5.38
1994-01-01,5.38
1994-02-01,5.13
1994-03-01,5.13
1994-04-01,5.13
1994-05-01,5.13
1994-06-01,5.13
1994-07-01,5.13
1994-08-01,5.13
1994-09-01,5.63
1994-10-01,5.63
1994-11-01,5.63
1994-12-01,6.13
1995-01-01,6.13
1995-02-01,6.63
1995-03-01,6.63
1995-04-01,6.63
1995-05-01,6.63
1995-06-01,6.63
1995-07-01,6.63
1995-08-01,6.63
1995-09-01,6.63
1995-10-01,6.63
1995-11-01,6.63
1995-12-01,6.38
1996-01-01,6.13
1996-02-01,6.13
1996-03-01,5.94
1996-04-01,5.94
1996-05-01,5.94
1996-06-01,5.69
1996-07-01,5.69
1996-08-01,5.69
1996-09-01,5.69
1996-10-01,5.94
1996-11-01,5.94
1996-12-01,5.94
1997-01-01,5.94
1997-02-01,5.94
1997-03-01,5.94
1997-04-01,5.94
1997-05-01,6.25
1997-06-01,6.50
1997-07-01,6.75
1997-08-01,7.00
1997-09-01,7.00
1997-10-01,7.00
1997-11-01,7.25
1997-12-01,7.25
1998-01-01,7.25
1998-02-01,7.25
1998-03-01,7.25
1998-04-01,7.25
1998-05-01,7.25
1998-06-01,7.50
1998-07-01,7.50
1998-08-01,7.50
1998-09-01,7.50
1998-10-01,7.25
1998-11-01,6.75
1998-12-01,6.25
1999-01-01,6.00
1999-02-01,5.50
1999-03-01,5.50
1999-04-01,5.25
1999-05-01,5.25
1999-06-01,5.00
1999-07-01,5.00
1999-08-01,5.00
1999-09-01,5.25
1999-10-01,5.25
1999-11-01,5.50
1999-12-01,5.50
2000-01-01,5.75
2000-02-01,6.00
2000-03-01,6.00
2000-04-01,6.00
2000-05-01,6.00
2000-06-01,6.00
2000-07-01,6.00
2000-08-01,6.00
2000-09-01,6.00
2000-10-01,6.00
2000-11-01,6.00
2000-12-01,6.00
2001-01-01,6.00
2001-02-01,5.75
2001-03-01,5.75
2001-04-01,5.50
2001-05-01,5.25
2001-06-01,5.25
2001-07-01,5.25
2001-08-01,5.00
2001-09-01,4.75
2001-10-01,4.50
2001-11-01,4.00
2001-12-01,4.00
2002-01-01,4.00
2002-02-01,4.00
2002-03-01,4.00
2002-04-01,4.00
2002-05-01,4.00
2002-06-01,4.00
2002-07-01,4.00
2002-08-01,4.00
2002-09-01,4.00
2002-10-01,4.00
2002-11-01,4.00
2002-12-01,4.00
2003-01-01,4.00
2003-02-01,3.75
2003-03-01,3.75
2003-04-01,3.75
2003-05-01,3.75
2003-06-01,3.75
2003-07-01,3.50
2003-08-01,3.50
2003-09-01,3.50
2003-10-01,3.50
2003-11-01,3.75
2003-12-01,3.75
2004-01-01,3.75
2004-02-01,4.00
2004-03-01,4.00
2004-04-01,4.00
2004-05-01,4.25
2004-06-01,4.50
2004-07-01,4.50
2004-08-01,4.75
2004-09-01,4.75
2004-10-01,4.75
2004-11-01,4.75
2004-12-01,4.75
2005-01-01,4.75
2005-02-01,4.75
2005-03-01,4.75
2005-04-01,4.75
2005-05-01,4.75
2005-06-01,4.75
2005-07-01,4.75
2005-08-01,4.50
2005-09-01,4.50
2005-10-01,4.50
2005-11-01,4.50
2005-12-01,4.50
2006-01-01,4.50
2006-02-01,4.50
2006-03-01,4.50
2006-04-01,4.50
2006-05-01,4.50
2006-06-01,4.50
2006-07-01,4.50
2006-08-01,4.75
2006-09-01,4.75
2006-10-01,4.75
2006-11-01,5.00
2006-12-01,5.00
2007-01-01,5.25
2007-02-01,5.25
2007-03-01,5.25
2007-04-01,5.25
2007-05-01,5.50
2007-06-01,5.50
2007-07-01,5.75
2007-08-01,5.75
2007-09-01,5.75
2007-10-01,5.75
2007-11-01,5.75
2007-12-01,5.50
2008-01-01,5.50
2008-02-01,5.25
2008-03-01,5.25
2008-04-01,5.00
2008-05-01,5.00
2008-06-01,5.00
2008-07-01,5.00
2008-08-01,5.00
2008-09-01,5.00
2008-10-01,4.50
2008-11-01,3.00
2008-12-01,2.00
2009-01-01,1.50
2009-02-01,1.00
2009-03-01,0.50
2009-04-01,0.50
2009-05-01,0.50
2009-06-01,0.50
2009-07-01,0.50
2009-08-01,0.50
2009-09-01,0.50
2009-10-01,0.50
2009-11-01,0.50
2009-12-01,0.50
2010-01-01,0.50
2010-02-01,0.50
2010-03-01,0.50
2010-04-01,0.50
2010-05-01,0.50
2010-06-01,0.50
2010-07-01,0.50
2010-08-01,0.50
2010-09-01,0.50
2010-10-01,0.50
2010-11-01,0.50
2010-12-01,0.50
2011-01-01,0.50
2011-02-01,0.50
2011-03-01,0.50
2011-04-01,0.50
2011-05-01,0.50
2011-06-01,0.50
2011-07-01,0.50
2011-08-01,0.50
2011-09-01,0.50
2011-10-01,0.50
2011-11-01,0.50
2011-12-01,0.50
2012-01-01,0.50
2012-02-01,0.50
2012-03-01,0.50
2012-04-01,0.50
2012-05-01,0.50
2012-06-01,0.50
2012-07-01,0.50
2012-08-01,0.50
2012-09-01,0.50
2012-10-01,0.50
2012-11-01,0.50
2012-12-01,0.50
2013-01-01,0.50
2013-02-01,0.50
2013-03-01,0.50
2013-04-01,0.50
2013-05-01,0.50
2013-06-01,0.50
2013-07-01,0.50
2013-08-01,0.50
2013-09-01,0.50
2013-10-01,0.50
2013-11-01,0.50
2013-12-01,0.50
2014-01-01,0.50
2014-02-01,0.50
2014-03-01,0.50
2014-04-01,0.50
2014-05-01,0.50
2014-06-01,0.50
2014-07-01,0.50
2014-08-01,0.50
2014-09-01,0.50
2014-10-01,0.50
2014-11-01,0.50
2014-12-01,0.50
2015-01-01,0.50
2015-02-01,0.50
2015-03-01,0.50
2015-04-01,0.50
2015-05-01,0.50
2015-06-01,0.50
2015-07-01,0.50
2015-08-01,0.50
2015-09-01,0.50
2015-10-01,0.50
2015-11-01,0.50
2015-12-01,0.50
2016-01-01,0.50
2016-02-01,0.50
2016-03-01,0.50
2016-04-01,0.50
2016-05-01,0.50
2016-06-01,0.50
2016-07-01,0.50
2016-08-01,0.25
2016-09-01,0.25
2016-10-01,0.25
2016-11-01,0.25
2016-12-01,0.25
2017-01-01,0.25
